DRG Definition,Provider Id,Provider Name,Average Covered Charges
001 - HEART TRANSPLANT OR IMPLANT OF HEART ASSIST SYSTEM W MCC,340113,CAROLINAS MEDICAL CENTER/BEHAV HEALTH/MERCY/REHAB,511007.85
"003 - ECMO OR TRACH W MV >96 HRS OR PDX EXC FACE, MOUTH & NECK W MAJ O.R.",340113,CAROLINAS MEDICAL CENTER/BEHAV HEALTH/MERCY/REHAB,441085.11
"004 - TRACH W MV >96 HRS OR PDX EXC FACE, MOUTH & NECK W/O MAJ O.R.",340001,CAROLINAS HEALTHCARE SYSTEM NORTHEAST,182798.48
"004 - TRACH W MV >96 HRS OR PDX EXC FACE, MOUTH & NECK W/O MAJ O.R.",340113,CAROLINAS MEDICAL CENTER/BEHAV HEALTH/MERCY/REHAB,210054.45
"004 - TRACH W MV >96 HRS OR PDX EXC FACE, MOUTH & NECK W/O MAJ O.R.",340130,CAROLINAS HEALTHCARE SYSTEM UNION,216169.36
"012 - TRACHEOSTOMY FOR FACE,MOUTH & NECK DIAGNOSES W CC",340113,CAROLINAS MEDICAL CENTER/BEHAV HEALTH/MERCY/REHAB,140702.33
016 - AUTOLOGOUS BONE MARROW TRANSPLANT W CC/MCC,340113,CAROLINAS MEDICAL CENTER/BEHAV HEALTH/MERCY/REHAB,143471.13
023 - CRANIO W MAJOR DEV IMPL/ACUTE COMPLEX CNS PDX W MCC OR CHEMO IMPLANT,340113,CAROLINAS MEDICAL CENTER/BEHAV HEALTH/MERCY/REHAB,146876.03
025 - CRANIOTOMY & ENDOVASCULAR INTRACRANIAL PROCEDURES W MCC,340113,CAROLINAS MEDICAL CENTER/BEHAV HEALTH/MERCY/REHAB,122768.91
026 - CRANIOTOMY & ENDOVASCULAR INTRACRANIAL PROCEDURES W CC,340113,CAROLINAS MEDICAL CENTER/BEHAV HEALTH/MERCY/REHAB,87780.53
027 - CRANIOTOMY & ENDOVASCULAR INTRACRANIAL PROCEDURES W/O CC/MCC,340113,CAROLINAS MEDICAL CENTER/BEHAV HEALTH/MERCY/REHAB,80953.91
030 - SPINAL PROCEDURES W/O CC/MCC,340113,CAROLINAS MEDICAL CENTER/BEHAV HEALTH/MERCY/REHAB,65060.17
032 - VENTRICULAR SHUNT PROCEDURES W CC,340113,CAROLINAS MEDICAL CENTER/BEHAV HEALTH/MERCY/REHAB,55660.36
033 - VENTRICULAR SHUNT PROCEDURES W/O CC/MCC,340113,CAROLINAS MEDICAL CENTER/BEHAV HEALTH/MERCY/REHAB,51573.04
038 - EXTRACRANIAL PROCEDURES W CC,340001,CAROLINAS HEALTHCARE SYSTEM NORTHEAST,76203.42
038 - EXTRACRANIAL PROCEDURES W CC,340113,CAROLINAS MEDICAL CENTER/BEHAV HEALTH/MERCY/REHAB,61132.47
039 - EXTRACRANIAL PROCEDURES W/O CC/MCC,340001,CAROLINAS HEALTHCARE SYSTEM NORTHEAST,54371.62
039 - EXTRACRANIAL PROCEDURES W/O CC/MCC,340098,CAROLINAS HEALTHCARE SYSTEM PINEVILLE,47116.16
039 - EXTRACRANIAL PROCEDURES W/O CC/MCC,340113,CAROLINAS MEDICAL CENTER/BEHAV HEALTH/MERCY/REHAB,51841.35
040 - PERIPH/CRANIAL NERVE & OTHER NERV SYST PROC W MCC,340113,CAROLINAS MEDICAL CENTER/BEHAV HEALTH/MERCY/REHAB,81424
054 - NERVOUS SYSTEM NEOPLASMS W MCC,340113,CAROLINAS MEDICAL CENTER/BEHAV HEALTH/MERCY/REHAB,38010.71
055 - NERVOUS SYSTEM NEOPLASMS W/O MCC,340113,CAROLINAS MEDICAL CENTER/BEHAV HEALTH/MERCY/REHAB,23663.67
056 - DEGENERATIVE NERVOUS SYSTEM DISORDERS W MCC,340001,CAROLINAS HEALTHCARE SYSTEM NORTHEAST,41328
056 - DEGENERATIVE NERVOUS SYSTEM DISORDERS W MCC,340113,CAROLINAS MEDICAL CENTER/BEHAV HEALTH/MERCY/REHAB,58504.5
057 - DEGENERATIVE NERVOUS SYSTEM DISORDERS W/O MCC,340001,CAROLINAS HEALTHCARE SYSTEM NORTHEAST,35190.67
057 - DEGENERATIVE NERVOUS SYSTEM DISORDERS W/O MCC,340098,CAROLINAS HEALTHCARE SYSTEM PINEVILLE,28895.91
057 - DEGENERATIVE NERVOUS SYSTEM DISORDERS W/O MCC,340113,CAROLINAS MEDICAL CENTER/BEHAV HEALTH/MERCY/REHAB,27172.6
062 - ACUTE ISCHEMIC STROKE W USE OF THROMBOLYTIC AGENT W CC,340001,CAROLINAS HEALTHCARE SYSTEM NORTHEAST,56530.75
064 - INTRACRANIAL HEMORRHAGE OR CEREBRAL INFARCTION W MCC,340001,CAROLINAS HEALTHCARE SYSTEM NORTHEAST,39129.81
064 - INTRACRANIAL HEMORRHAGE OR CEREBRAL INFARCTION W MCC,340021,CAROLINAS HEALTHCARE SYSTEM CLEVELAND,34962.56
064 - INTRACRANIAL HEMORRHAGE OR CEREBRAL INFARCTION W MCC,340037,CAROLINAS HEALTHCARE SYSTEM KINGS MOUNTAIN,31540.33
064 - INTRACRANIAL HEMORRHAGE OR CEREBRAL INFARCTION W MCC,340098,CAROLINAS HEALTHCARE SYSTEM PINEVILLE,38831.42
064 - INTRACRANIAL HEMORRHAGE OR CEREBRAL INFARCTION W MCC,340113,CAROLINAS MEDICAL CENTER/BEHAV HEALTH/MERCY/REHAB,51631.16
064 - INTRACRANIAL HEMORRHAGE OR CEREBRAL INFARCTION W MCC,340130,CAROLINAS HEALTHCARE SYSTEM UNION,39925.8
064 - INTRACRANIAL HEMORRHAGE OR CEREBRAL INFARCTION W MCC,340145,CAROLINAS HEALTHCARE SYSTEM LINCOLN,40862.86
064 - INTRACRANIAL HEMORRHAGE OR CEREBRAL INFARCTION W MCC,340166,CAROLINAS MED CTR-UNIVERSITY,37444.53
065 - INTRACRANIAL HEMORRHAGE OR CEREBRAL INFARCTION W CC OR TPA IN 24 HRS,340001,CAROLINAS HEALTHCARE SYSTEM NORTHEAST,28141.29
065 - INTRACRANIAL HEMORRHAGE OR CEREBRAL INFARCTION W CC OR TPA IN 24 HRS,340021,CAROLINAS HEALTHCARE SYSTEM CLEVELAND,27886.56
065 - INTRACRANIAL HEMORRHAGE OR CEREBRAL INFARCTION W CC OR TPA IN 24 HRS,340037,CAROLINAS HEALTHCARE SYSTEM KINGS MOUNTAIN,28674.13
065 - INTRACRANIAL HEMORRHAGE OR CEREBRAL INFARCTION W CC OR TPA IN 24 HRS,340098,CAROLINAS HEALTHCARE SYSTEM PINEVILLE,29640.55
065 - INTRACRANIAL HEMORRHAGE OR CEREBRAL INFARCTION W CC OR TPA IN 24 HRS,340113,CAROLINAS MEDICAL CENTER/BEHAV HEALTH/MERCY/REHAB,33364.75
065 - INTRACRANIAL HEMORRHAGE OR CEREBRAL INFARCTION W CC OR TPA IN 24 HRS,340119,CAROLINAS HEALTHCARE SYSTEM STANLY,23879.38
065 - INTRACRANIAL HEMORRHAGE OR CEREBRAL INFARCTION W CC OR TPA IN 24 HRS,340130,CAROLINAS HEALTHCARE SYSTEM UNION,31374.12
065 - INTRACRANIAL HEMORRHAGE OR CEREBRAL INFARCTION W CC OR TPA IN 24 HRS,340145,CAROLINAS HEALTHCARE SYSTEM LINCOLN,31401.03
065 - INTRACRANIAL HEMORRHAGE OR CEREBRAL INFARCTION W CC OR TPA IN 24 HRS,340166,CAROLINAS MED CTR-UNIVERSITY,26171.12
066 - INTRACRANIAL HEMORRHAGE OR CEREBRAL INFARCTION W/O CC/MCC,340001,CAROLINAS HEALTHCARE SYSTEM NORTHEAST,25923.68
066 - INTRACRANIAL HEMORRHAGE OR CEREBRAL INFARCTION W/O CC/MCC,340021,CAROLINAS HEALTHCARE SYSTEM CLEVELAND,22874.88
066 - INTRACRANIAL HEMORRHAGE OR CEREBRAL INFARCTION W/O CC/MCC,340098,CAROLINAS HEALTHCARE SYSTEM PINEVILLE,24885.5
066 - INTRACRANIAL HEMORRHAGE OR CEREBRAL INFARCTION W/O CC/MCC,340113,CAROLINAS MEDICAL CENTER/BEHAV HEALTH/MERCY/REHAB,23850.53
066 - INTRACRANIAL HEMORRHAGE OR CEREBRAL INFARCTION W/O CC/MCC,340119,CAROLINAS HEALTHCARE SYSTEM STANLY,21343.82
066 - INTRACRANIAL HEMORRHAGE OR CEREBRAL INFARCTION W/O CC/MCC,340130,CAROLINAS HEALTHCARE SYSTEM UNION,31192.05
069 - TRANSIENT ISCHEMIA,340001,CAROLINAS HEALTHCARE SYSTEM NORTHEAST,30203.72
069 - TRANSIENT ISCHEMIA,340098,CAROLINAS HEALTHCARE SYSTEM PINEVILLE,26728.2
069 - TRANSIENT ISCHEMIA,340113,CAROLINAS MEDICAL CENTER/BEHAV HEALTH/MERCY/REHAB,28582.3
069 - TRANSIENT ISCHEMIA,340130,CAROLINAS HEALTHCARE SYSTEM UNION,32506.38
070 - NONSPECIFIC CEREBROVASCULAR DISORDERS W MCC,340001,CAROLINAS HEALTHCARE SYSTEM NORTHEAST,35756.93
070 - NONSPECIFIC CEREBROVASCULAR DISORDERS W MCC,340113,CAROLINAS MEDICAL CENTER/BEHAV HEALTH/MERCY/REHAB,50263.11
071 - NONSPECIFIC CEREBROVASCULAR DISORDERS W CC,340001,CAROLINAS HEALTHCARE SYSTEM NORTHEAST,24610.94
071 - NONSPECIFIC CEREBROVASCULAR DISORDERS W CC,340113,CAROLINAS MEDICAL CENTER/BEHAV HEALTH/MERCY/REHAB,24172.57
073 - CRANIAL & PERIPHERAL NERVE DISORDERS W MCC,340113,CAROLINAS MEDICAL CENTER/BEHAV HEALTH/MERCY/REHAB,36793.88
074 - CRANIAL & PERIPHERAL NERVE DISORDERS W/O MCC,340001,CAROLINAS HEALTHCARE SYSTEM NORTHEAST,25041.43
074 - CRANIAL & PERIPHERAL NERVE DISORDERS W/O MCC,340113,CAROLINAS MEDICAL CENTER/BEHAV HEALTH/MERCY/REHAB,26125.33
"082 - TRAUMATIC STUPOR & COMA, COMA >1 HR W MCC",340113,CAROLINAS MEDICAL CENTER/BEHAV HEALTH/MERCY/REHAB,57610.63
"083 - TRAUMATIC STUPOR & COMA, COMA >1 HR W CC",340113,CAROLINAS MEDICAL CENTER/BEHAV HEALTH/MERCY/REHAB,37970.33
"084 - TRAUMATIC STUPOR & COMA, COMA >1 HR W/O CC/MCC",340113,CAROLINAS MEDICAL CENTER/BEHAV HEALTH/MERCY/REHAB,21439.52
"085 - TRAUMATIC STUPOR & COMA, COMA <1 HR W MCC",340113,CAROLINAS MEDICAL CENTER/BEHAV HEALTH/MERCY/REHAB,60241.84
"086 - TRAUMATIC STUPOR & COMA, COMA <1 HR W CC",340113,CAROLINAS MEDICAL CENTER/BEHAV HEALTH/MERCY/REHAB,33289.52
"087 - TRAUMATIC STUPOR & COMA, COMA <1 HR W/O CC/MCC",340113,CAROLINAS MEDICAL CENTER/BEHAV HEALTH/MERCY/REHAB,20865.02
091 - OTHER DISORDERS OF NERVOUS SYSTEM W MCC,340001,CAROLINAS HEALTHCARE SYSTEM NORTHEAST,32433.56
091 - OTHER DISORDERS OF NERVOUS SYSTEM W MCC,340021,CAROLINAS HEALTHCARE SYSTEM CLEVELAND,27075.36
091 - OTHER DISORDERS OF NERVOUS SYSTEM W MCC,340098,CAROLINAS HEALTHCARE SYSTEM PINEVILLE,41642.63
091 - OTHER DISORDERS OF NERVOUS SYSTEM W MCC,340113,CAROLINAS MEDICAL CENTER/BEHAV HEALTH/MERCY/REHAB,42253.11
092 - OTHER DISORDERS OF NERVOUS SYSTEM W CC,340001,CAROLINAS HEALTHCARE SYSTEM NORTHEAST,28618.71
092 - OTHER DISORDERS OF NERVOUS SYSTEM W CC,340113,CAROLINAS MEDICAL CENTER/BEHAV HEALTH/MERCY/REHAB,24587.55
093 - OTHER DISORDERS OF NERVOUS SYSTEM W/O CC/MCC,340001,CAROLINAS HEALTHCARE SYSTEM NORTHEAST,25482.87
093 - OTHER DISORDERS OF NERVOUS SYSTEM W/O CC/MCC,340113,CAROLINAS MEDICAL CENTER/BEHAV HEALTH/MERCY/REHAB,19712.25
100 - SEIZURES W MCC,340001,CAROLINAS HEALTHCARE SYSTEM NORTHEAST,45665
100 - SEIZURES W MCC,340021,CAROLINAS HEALTHCARE SYSTEM CLEVELAND,36318.16
100 - SEIZURES W MCC,340098,CAROLINAS HEALTHCARE SYSTEM PINEVILLE,49220.5
100 - SEIZURES W MCC,340113,CAROLINAS MEDICAL CENTER/BEHAV HEALTH/MERCY/REHAB,51852.23
100 - SEIZURES W MCC,340130,CAROLINAS HEALTHCARE SYSTEM UNION,37147.3
101 - SEIZURES W/O MCC,340001,CAROLINAS HEALTHCARE SYSTEM NORTHEAST,24481.12
101 - SEIZURES W/O MCC,340098,CAROLINAS HEALTHCARE SYSTEM PINEVILLE,27880.93
101 - SEIZURES W/O MCC,340113,CAROLINAS MEDICAL CENTER/BEHAV HEALTH/MERCY/REHAB,28172.26
101 - SEIZURES W/O MCC,340130,CAROLINAS HEALTHCARE SYSTEM UNION,27510.5
103 - HEADACHES W/O MCC,340001,CAROLINAS HEALTHCARE SYSTEM NORTHEAST,25955.33
103 - HEADACHES W/O MCC,340098,CAROLINAS HEALTHCARE SYSTEM PINEVILLE,19389.62
103 - HEADACHES W/O MCC,340113,CAROLINAS MEDICAL CENTER/BEHAV HEALTH/MERCY/REHAB,21871.89
163 - MAJOR CHEST PROCEDURES W MCC,340001,CAROLINAS HEALTHCARE SYSTEM NORTHEAST,116305.35
163 - MAJOR CHEST PROCEDURES W MCC,340113,CAROLINAS MEDICAL CENTER/BEHAV HEALTH/MERCY/REHAB,132638.31
164 - MAJOR CHEST PROCEDURES W CC,340001,CAROLINAS HEALTHCARE SYSTEM NORTHEAST,97588.16
164 - MAJOR CHEST PROCEDURES W CC,340113,CAROLINAS MEDICAL CENTER/BEHAV HEALTH/MERCY/REHAB,93182.32
166 - OTHER RESP SYSTEM O.R. PROCEDURES W MCC,340001,CAROLINAS HEALTHCARE SYSTEM NORTHEAST,91131.23
166 - OTHER RESP SYSTEM O.R. PROCEDURES W MCC,340113,CAROLINAS MEDICAL CENTER/BEHAV HEALTH/MERCY/REHAB,88189.17
167 - OTHER RESP SYSTEM O.R. PROCEDURES W CC,340113,CAROLINAS MEDICAL CENTER/BEHAV HEALTH/MERCY/REHAB,54490.5
175 - PULMONARY EMBOLISM W MCC,340001,CAROLINAS HEALTHCARE SYSTEM NORTHEAST,43452.93
175 - PULMONARY EMBOLISM W MCC,340098,CAROLINAS HEALTHCARE SYSTEM PINEVILLE,40396.34
175 - PULMONARY EMBOLISM W MCC,340113,CAROLINAS MEDICAL CENTER/BEHAV HEALTH/MERCY/REHAB,38000.73
175 - PULMONARY EMBOLISM W MCC,340130,CAROLINAS HEALTHCARE SYSTEM UNION,32092.82
176 - PULMONARY EMBOLISM W/O MCC,340001,CAROLINAS HEALTHCARE SYSTEM NORTHEAST,24945.35
176 - PULMONARY EMBOLISM W/O MCC,340021,CAROLINAS HEALTHCARE SYSTEM CLEVELAND,31641.55
176 - PULMONARY EMBOLISM W/O MCC,340098,CAROLINAS HEALTHCARE SYSTEM PINEVILLE,28376.15
176 - PULMONARY EMBOLISM W/O MCC,340113,CAROLINAS MEDICAL CENTER/BEHAV HEALTH/MERCY/REHAB,26985.5
176 - PULMONARY EMBOLISM W/O MCC,340130,CAROLINAS HEALTHCARE SYSTEM UNION,23396.5
177 - RESPIRATORY INFECTIONS & INFLAMMATIONS W MCC,340001,CAROLINAS HEALTHCARE SYSTEM NORTHEAST,38418.37
177 - RESPIRATORY INFECTIONS & INFLAMMATIONS W MCC,340021,CAROLINAS HEALTHCARE SYSTEM CLEVELAND,32482.45
177 - RESPIRATORY INFECTIONS & INFLAMMATIONS W MCC,340098,CAROLINAS HEALTHCARE SYSTEM PINEVILLE,39853.92
177 - RESPIRATORY INFECTIONS & INFLAMMATIONS W MCC,340113,CAROLINAS MEDICAL CENTER/BEHAV HEALTH/MERCY/REHAB,46904.5
177 - RESPIRATORY INFECTIONS & INFLAMMATIONS W MCC,340119,CAROLINAS HEALTHCARE SYSTEM STANLY,34859.57
177 - RESPIRATORY INFECTIONS & INFLAMMATIONS W MCC,340130,CAROLINAS HEALTHCARE SYSTEM UNION,29670.27
177 - RESPIRATORY INFECTIONS & INFLAMMATIONS W MCC,340145,CAROLINAS HEALTHCARE SYSTEM LINCOLN,42466.97
178 - RESPIRATORY INFECTIONS & INFLAMMATIONS W CC,340001,CAROLINAS HEALTHCARE SYSTEM NORTHEAST,23456.52
178 - RESPIRATORY INFECTIONS & INFLAMMATIONS W CC,340021,CAROLINAS HEALTHCARE SYSTEM CLEVELAND,25865.23
178 - RESPIRATORY INFECTIONS & INFLAMMATIONS W CC,340098,CAROLINAS HEALTHCARE SYSTEM PINEVILLE,26298.63
178 - RESPIRATORY INFECTIONS & INFLAMMATIONS W CC,340113,CAROLINAS MEDICAL CENTER/BEHAV HEALTH/MERCY/REHAB,31608.14
178 - RESPIRATORY INFECTIONS & INFLAMMATIONS W CC,340130,CAROLINAS HEALTHCARE SYSTEM UNION,27377.89
178 - RESPIRATORY INFECTIONS & INFLAMMATIONS W CC,340145,CAROLINAS HEALTHCARE SYSTEM LINCOLN,28575.48
180 - RESPIRATORY NEOPLASMS W MCC,340001,CAROLINAS HEALTHCARE SYSTEM NORTHEAST,41666.53
180 - RESPIRATORY NEOPLASMS W MCC,340021,CAROLINAS HEALTHCARE SYSTEM CLEVELAND,44525.79
180 - RESPIRATORY NEOPLASMS W MCC,340098,CAROLINAS HEALTHCARE SYSTEM PINEVILLE,51260.25
180 - RESPIRATORY NEOPLASMS W MCC,340113,CAROLINAS MEDICAL CENTER/BEHAV HEALTH/MERCY/REHAB,41650
181 - RESPIRATORY NEOPLASMS W CC,340113,CAROLINAS MEDICAL CENTER/BEHAV HEALTH/MERCY/REHAB,27771
183 - MAJOR CHEST TRAUMA W MCC,340113,CAROLINAS MEDICAL CENTER/BEHAV HEALTH/MERCY/REHAB,44765.67
184 - MAJOR CHEST TRAUMA W CC,340113,CAROLINAS MEDICAL CENTER/BEHAV HEALTH/MERCY/REHAB,29451.61
186 - PLEURAL EFFUSION W MCC,340001,CAROLINAS HEALTHCARE SYSTEM NORTHEAST,37888.17
186 - PLEURAL EFFUSION W MCC,340113,CAROLINAS MEDICAL CENTER/BEHAV HEALTH/MERCY/REHAB,37681.2
189 - PULMONARY EDEMA & RESPIRATORY FAILURE,340001,CAROLINAS HEALTHCARE SYSTEM NORTHEAST,36405.38
189 - PULMONARY EDEMA & RESPIRATORY FAILURE,340021,CAROLINAS HEALTHCARE SYSTEM CLEVELAND,25039.2
189 - PULMONARY EDEMA & RESPIRATORY FAILURE,340037,CAROLINAS HEALTHCARE SYSTEM KINGS MOUNTAIN,30113.2
189 - PULMONARY EDEMA & RESPIRATORY FAILURE,340098,CAROLINAS HEALTHCARE SYSTEM PINEVILLE,28340.26
189 - PULMONARY EDEMA & RESPIRATORY FAILURE,340113,CAROLINAS MEDICAL CENTER/BEHAV HEALTH/MERCY/REHAB,35574.09
189 - PULMONARY EDEMA & RESPIRATORY FAILURE,340119,CAROLINAS HEALTHCARE SYSTEM STANLY,20478.06
189 - PULMONARY EDEMA & RESPIRATORY FAILURE,340130,CAROLINAS HEALTHCARE SYSTEM UNION,28170.62
189 - PULMONARY EDEMA & RESPIRATORY FAILURE,340145,CAROLINAS HEALTHCARE SYSTEM LINCOLN,31806.65
189 - PULMONARY EDEMA & RESPIRATORY FAILURE,340166,CAROLINAS MED CTR-UNIVERSITY,27284.13
190 - CHRONIC OBSTRUCTIVE PULMONARY DISEASE W MCC,340001,CAROLINAS HEALTHCARE SYSTEM NORTHEAST,27188.8
190 - CHRONIC OBSTRUCTIVE PULMONARY DISEASE W MCC,340021,CAROLINAS HEALTHCARE SYSTEM CLEVELAND,26263.43
190 - CHRONIC OBSTRUCTIVE PULMONARY DISEASE W MCC,340037,CAROLINAS HEALTHCARE SYSTEM KINGS MOUNTAIN,23288.04
190 - CHRONIC OBSTRUCTIVE PULMONARY DISEASE W MCC,340098,CAROLINAS HEALTHCARE SYSTEM PINEVILLE,26912.44
190 - CHRONIC OBSTRUCTIVE PULMONARY DISEASE W MCC,340113,CAROLINAS MEDICAL CENTER/BEHAV HEALTH/MERCY/REHAB,29575.7
190 - CHRONIC OBSTRUCTIVE PULMONARY DISEASE W MCC,340119,CAROLINAS HEALTHCARE SYSTEM STANLY,18911.69
190 - CHRONIC OBSTRUCTIVE PULMONARY DISEASE W MCC,340130,CAROLINAS HEALTHCARE SYSTEM UNION,23871.66
190 - CHRONIC OBSTRUCTIVE PULMONARY DISEASE W MCC,340145,CAROLINAS HEALTHCARE SYSTEM LINCOLN,31228.84
190 - CHRONIC OBSTRUCTIVE PULMONARY DISEASE W MCC,340166,CAROLINAS MED CTR-UNIVERSITY,27744.89
191 - CHRONIC OBSTRUCTIVE PULMONARY DISEASE W CC,340001,CAROLINAS HEALTHCARE SYSTEM NORTHEAST,20051.27
191 - CHRONIC OBSTRUCTIVE PULMONARY DISEASE W CC,340021,CAROLINAS HEALTHCARE SYSTEM CLEVELAND,18950.38
191 - CHRONIC OBSTRUCTIVE PULMONARY DISEASE W CC,340037,CAROLINAS HEALTHCARE SYSTEM KINGS MOUNTAIN,21858.07
191 - CHRONIC OBSTRUCTIVE PULMONARY DISEASE W CC,340098,CAROLINAS HEALTHCARE SYSTEM PINEVILLE,23322.12
191 - CHRONIC OBSTRUCTIVE PULMONARY DISEASE W CC,340113,CAROLINAS MEDICAL CENTER/BEHAV HEALTH/MERCY/REHAB,23141.2
191 - CHRONIC OBSTRUCTIVE PULMONARY DISEASE W CC,340130,CAROLINAS HEALTHCARE SYSTEM UNION,23219.43
191 - CHRONIC OBSTRUCTIVE PULMONARY DISEASE W CC,340145,CAROLINAS HEALTHCARE SYSTEM LINCOLN,20423.07
191 - CHRONIC OBSTRUCTIVE PULMONARY DISEASE W CC,340166,CAROLINAS MED CTR-UNIVERSITY,18236.67
192 - CHRONIC OBSTRUCTIVE PULMONARY DISEASE W/O CC/MCC,340001,CAROLINAS HEALTHCARE SYSTEM NORTHEAST,18058.55
192 - CHRONIC OBSTRUCTIVE PULMONARY DISEASE W/O CC/MCC,340021,CAROLINAS HEALTHCARE SYSTEM CLEVELAND,14882.13
192 - CHRONIC OBSTRUCTIVE PULMONARY DISEASE W/O CC/MCC,340098,CAROLINAS HEALTHCARE SYSTEM PINEVILLE,18644.67
192 - CHRONIC OBSTRUCTIVE PULMONARY DISEASE W/O CC/MCC,340113,CAROLINAS MEDICAL CENTER/BEHAV HEALTH/MERCY/REHAB,17853.36
192 - CHRONIC OBSTRUCTIVE PULMONARY DISEASE W/O CC/MCC,340130,CAROLINAS HEALTHCARE SYSTEM UNION,15399.92
192 - CHRONIC OBSTRUCTIVE PULMONARY DISEASE W/O CC/MCC,340145,CAROLINAS HEALTHCARE SYSTEM LINCOLN,17821.75
193 - SIMPLE PNEUMONIA & PLEURISY W MCC,340001,CAROLINAS HEALTHCARE SYSTEM NORTHEAST,34221.54
193 - SIMPLE PNEUMONIA & PLEURISY W MCC,340021,CAROLINAS HEALTHCARE SYSTEM CLEVELAND,30517.99
193 - SIMPLE PNEUMONIA & PLEURISY W MCC,340037,CAROLINAS HEALTHCARE SYSTEM KINGS MOUNTAIN,26485.52
193 - SIMPLE PNEUMONIA & PLEURISY W MCC,340098,CAROLINAS HEALTHCARE SYSTEM PINEVILLE,28829.77
193 - SIMPLE PNEUMONIA & PLEURISY W MCC,340113,CAROLINAS MEDICAL CENTER/BEHAV HEALTH/MERCY/REHAB,30013.3
193 - SIMPLE PNEUMONIA & PLEURISY W MCC,340119,CAROLINAS HEALTHCARE SYSTEM STANLY,21631.83
193 - SIMPLE PNEUMONIA & PLEURISY W MCC,340130,CAROLINAS HEALTHCARE SYSTEM UNION,26452.96
193 - SIMPLE PNEUMONIA & PLEURISY W MCC,340145,CAROLINAS HEALTHCARE SYSTEM LINCOLN,38055.68
193 - SIMPLE PNEUMONIA & PLEURISY W MCC,340166,CAROLINAS MED CTR-UNIVERSITY,36891.93
194 - SIMPLE PNEUMONIA & PLEURISY W CC,340001,CAROLINAS HEALTHCARE SYSTEM NORTHEAST,22882.15
194 - SIMPLE PNEUMONIA & PLEURISY W CC,340021,CAROLINAS HEALTHCARE SYSTEM CLEVELAND,23320.82
194 - SIMPLE PNEUMONIA & PLEURISY W CC,340098,CAROLINAS HEALTHCARE SYSTEM PINEVILLE,23289.21
194 - SIMPLE PNEUMONIA & PLEURISY W CC,340113,CAROLINAS MEDICAL CENTER/BEHAV HEALTH/MERCY/REHAB,23905.29
194 - SIMPLE PNEUMONIA & PLEURISY W CC,340119,CAROLINAS HEALTHCARE SYSTEM STANLY,21109.43
194 - SIMPLE PNEUMONIA & PLEURISY W CC,340130,CAROLINAS HEALTHCARE SYSTEM UNION,21500.07
194 - SIMPLE PNEUMONIA & PLEURISY W CC,340145,CAROLINAS HEALTHCARE SYSTEM LINCOLN,24821.37
194 - SIMPLE PNEUMONIA & PLEURISY W CC,340166,CAROLINAS MED CTR-UNIVERSITY,23619.42
195 - SIMPLE PNEUMONIA & PLEURISY W/O CC/MCC,340001,CAROLINAS HEALTHCARE SYSTEM NORTHEAST,17934.6
195 - SIMPLE PNEUMONIA & PLEURISY W/O CC/MCC,340098,CAROLINAS HEALTHCARE SYSTEM PINEVILLE,16039.63
195 - SIMPLE PNEUMONIA & PLEURISY W/O CC/MCC,340113,CAROLINAS MEDICAL CENTER/BEHAV HEALTH/MERCY/REHAB,25676
195 - SIMPLE PNEUMONIA & PLEURISY W/O CC/MCC,340130,CAROLINAS HEALTHCARE SYSTEM UNION,15494.44
196 - INTERSTITIAL LUNG DISEASE W MCC,340113,CAROLINAS MEDICAL CENTER/BEHAV HEALTH/MERCY/REHAB,33672
200 - PNEUMOTHORAX W CC,340113,CAROLINAS MEDICAL CENTER/BEHAV HEALTH/MERCY/REHAB,30092.26
202 - BRONCHITIS & ASTHMA W CC/MCC,340001,CAROLINAS HEALTHCARE SYSTEM NORTHEAST,23308.54
202 - BRONCHITIS & ASTHMA W CC/MCC,340021,CAROLINAS HEALTHCARE SYSTEM CLEVELAND,22097.5
202 - BRONCHITIS & ASTHMA W CC/MCC,340098,CAROLINAS HEALTHCARE SYSTEM PINEVILLE,27484.64
202 - BRONCHITIS & ASTHMA W CC/MCC,340113,CAROLINAS MEDICAL CENTER/BEHAV HEALTH/MERCY/REHAB,25576.55
202 - BRONCHITIS & ASTHMA W CC/MCC,340130,CAROLINAS HEALTHCARE SYSTEM UNION,27661.94
202 - BRONCHITIS & ASTHMA W CC/MCC,340166,CAROLINAS MED CTR-UNIVERSITY,28856.86
204 - RESPIRATORY SIGNS & SYMPTOMS,340113,CAROLINAS MEDICAL CENTER/BEHAV HEALTH/MERCY/REHAB,28798.31
205 - OTHER RESPIRATORY SYSTEM DIAGNOSES W MCC,340113,CAROLINAS MEDICAL CENTER/BEHAV HEALTH/MERCY/REHAB,44284.75
207 - RESPIRATORY SYSTEM DIAGNOSIS W VENTILATOR SUPPORT >96 HOURS,340001,CAROLINAS HEALTHCARE SYSTEM NORTHEAST,133542.46
207 - RESPIRATORY SYSTEM DIAGNOSIS W VENTILATOR SUPPORT >96 HOURS,340098,CAROLINAS HEALTHCARE SYSTEM PINEVILLE,96399.42
207 - RESPIRATORY SYSTEM DIAGNOSIS W VENTILATOR SUPPORT >96 HOURS,340113,CAROLINAS MEDICAL CENTER/BEHAV HEALTH/MERCY/REHAB,134560.81
208 - RESPIRATORY SYSTEM DIAGNOSIS W VENTILATOR SUPPORT <=96 HOURS,340001,CAROLINAS HEALTHCARE SYSTEM NORTHEAST,63354.94
208 - RESPIRATORY SYSTEM DIAGNOSIS W VENTILATOR SUPPORT <=96 HOURS,340021,CAROLINAS HEALTHCARE SYSTEM CLEVELAND,55850.03
208 - RESPIRATORY SYSTEM DIAGNOSIS W VENTILATOR SUPPORT <=96 HOURS,340098,CAROLINAS HEALTHCARE SYSTEM PINEVILLE,65327.25
208 - RESPIRATORY SYSTEM DIAGNOSIS W VENTILATOR SUPPORT <=96 HOURS,340113,CAROLINAS MEDICAL CENTER/BEHAV HEALTH/MERCY/REHAB,54859.38
208 - RESPIRATORY SYSTEM DIAGNOSIS W VENTILATOR SUPPORT <=96 HOURS,340130,CAROLINAS HEALTHCARE SYSTEM UNION,54181.59
216 - CARDIAC VALVE & OTH MAJ CARDIOTHORACIC PROC W CARD CATH W MCC,340113,CAROLINAS MEDICAL CENTER/BEHAV HEALTH/MERCY/REHAB,247807.36
219 - CARDIAC VALVE & OTH MAJ CARDIOTHORACIC PROC W/O CARD CATH W MCC,340001,CAROLINAS HEALTHCARE SYSTEM NORTHEAST,230398.5
219 - CARDIAC VALVE & OTH MAJ CARDIOTHORACIC PROC W/O CARD CATH W MCC,340098,CAROLINAS HEALTHCARE SYSTEM PINEVILLE,213424.29
219 - CARDIAC VALVE & OTH MAJ CARDIOTHORACIC PROC W/O CARD CATH W MCC,340113,CAROLINAS MEDICAL CENTER/BEHAV HEALTH/MERCY/REHAB,215997.28
220 - CARDIAC VALVE & OTH MAJ CARDIOTHORACIC PROC W/O CARD CATH W CC,340113,CAROLINAS MEDICAL CENTER/BEHAV HEALTH/MERCY/REHAB,181885.83
227 - CARDIAC DEFIBRILLATOR IMPLANT W/O CARDIAC CATH W/O MCC,340113,CAROLINAS MEDICAL CENTER/BEHAV HEALTH/MERCY/REHAB,148982
233 - CORONARY BYPASS W CARDIAC CATH W MCC,340001,CAROLINAS HEALTHCARE SYSTEM NORTHEAST,205482.48
233 - CORONARY BYPASS W CARDIAC CATH W MCC,340113,CAROLINAS MEDICAL CENTER/BEHAV HEALTH/MERCY/REHAB,216828.67
234 - CORONARY BYPASS W CARDIAC CATH W/O MCC,340001,CAROLINAS HEALTHCARE SYSTEM NORTHEAST,169181.6
234 - CORONARY BYPASS W CARDIAC CATH W/O MCC,340098,CAROLINAS HEALTHCARE SYSTEM PINEVILLE,189116.55
234 - CORONARY BYPASS W CARDIAC CATH W/O MCC,340113,CAROLINAS MEDICAL CENTER/BEHAV HEALTH/MERCY/REHAB,174827.52
235 - CORONARY BYPASS W/O CARDIAC CATH W MCC,340113,CAROLINAS MEDICAL CENTER/BEHAV HEALTH/MERCY/REHAB,163895
236 - CORONARY BYPASS W/O CARDIAC CATH W/O MCC,340001,CAROLINAS HEALTHCARE SYSTEM NORTHEAST,149453.53
236 - CORONARY BYPASS W/O CARDIAC CATH W/O MCC,340098,CAROLINAS HEALTHCARE SYSTEM PINEVILLE,147125.21
236 - CORONARY BYPASS W/O CARDIAC CATH W/O MCC,340113,CAROLINAS MEDICAL CENTER/BEHAV HEALTH/MERCY/REHAB,133924.59
239 - AMPUTATION FOR CIRC SYS DISORDERS EXC UPPER LIMB & TOE W MCC,340001,CAROLINAS HEALTHCARE SYSTEM NORTHEAST,88442.91
239 - AMPUTATION FOR CIRC SYS DISORDERS EXC UPPER LIMB & TOE W MCC,340113,CAROLINAS MEDICAL CENTER/BEHAV HEALTH/MERCY/REHAB,132987
240 - AMPUTATION FOR CIRC SYS DISORDERS EXC UPPER LIMB & TOE W CC,340021,CAROLINAS HEALTHCARE SYSTEM CLEVELAND,51037.91
240 - AMPUTATION FOR CIRC SYS DISORDERS EXC UPPER LIMB & TOE W CC,340113,CAROLINAS MEDICAL CENTER/BEHAV HEALTH/MERCY/REHAB,87079.48
242 - PERMANENT CARDIAC PACEMAKER IMPLANT W MCC,340001,CAROLINAS HEALTHCARE SYSTEM NORTHEAST,68245.43
242 - PERMANENT CARDIAC PACEMAKER IMPLANT W MCC,340098,CAROLINAS HEALTHCARE SYSTEM PINEVILLE,82205.48
242 - PERMANENT CARDIAC PACEMAKER IMPLANT W MCC,340113,CAROLINAS MEDICAL CENTER/BEHAV HEALTH/MERCY/REHAB,86022.17
243 - PERMANENT CARDIAC PACEMAKER IMPLANT W CC,340001,CAROLINAS HEALTHCARE SYSTEM NORTHEAST,54407
243 - PERMANENT CARDIAC PACEMAKER IMPLANT W CC,340021,CAROLINAS HEALTHCARE SYSTEM CLEVELAND,59002.8
243 - PERMANENT CARDIAC PACEMAKER IMPLANT W CC,340098,CAROLINAS HEALTHCARE SYSTEM PINEVILLE,52407.82
243 - PERMANENT CARDIAC PACEMAKER IMPLANT W CC,340113,CAROLINAS MEDICAL CENTER/BEHAV HEALTH/MERCY/REHAB,72423.75
244 - PERMANENT CARDIAC PACEMAKER IMPLANT W/O CC/MCC,340001,CAROLINAS HEALTHCARE SYSTEM NORTHEAST,52963.91
244 - PERMANENT CARDIAC PACEMAKER IMPLANT W/O CC/MCC,340098,CAROLINAS HEALTHCARE SYSTEM PINEVILLE,48748.27
244 - PERMANENT CARDIAC PACEMAKER IMPLANT W/O CC/MCC,340113,CAROLINAS MEDICAL CENTER/BEHAV HEALTH/MERCY/REHAB,49313.55
246 - PERC CARDIOVASC PROC W DRUG-ELUTING STENT W MCC OR 4+ VESSELS/STENTS,340001,CAROLINAS HEALTHCARE SYSTEM NORTHEAST,83217.62
246 - PERC CARDIOVASC PROC W DRUG-ELUTING STENT W MCC OR 4+ VESSELS/STENTS,340098,CAROLINAS HEALTHCARE SYSTEM PINEVILLE,110708.41
246 - PERC CARDIOVASC PROC W DRUG-ELUTING STENT W MCC OR 4+ VESSELS/STENTS,340113,CAROLINAS MEDICAL CENTER/BEHAV HEALTH/MERCY/REHAB,94560.87
247 - PERC CARDIOVASC PROC W DRUG-ELUTING STENT W/O MCC,340001,CAROLINAS HEALTHCARE SYSTEM NORTHEAST,68067.29
247 - PERC CARDIOVASC PROC W DRUG-ELUTING STENT W/O MCC,340098,CAROLINAS HEALTHCARE SYSTEM PINEVILLE,77140.97
247 - PERC CARDIOVASC PROC W DRUG-ELUTING STENT W/O MCC,340113,CAROLINAS MEDICAL CENTER/BEHAV HEALTH/MERCY/REHAB,73040.11
247 - PERC CARDIOVASC PROC W DRUG-ELUTING STENT W/O MCC,340130,CAROLINAS HEALTHCARE SYSTEM UNION,77942.42
249 - PERC CARDIOVASC PROC W NON-DRUG-ELUTING STENT W/O MCC,340001,CAROLINAS HEALTHCARE SYSTEM NORTHEAST,57831.38
252 - OTHER VASCULAR PROCEDURES W MCC,340001,CAROLINAS HEALTHCARE SYSTEM NORTHEAST,78274.88
252 - OTHER VASCULAR PROCEDURES W MCC,340113,CAROLINAS MEDICAL CENTER/BEHAV HEALTH/MERCY/REHAB,99050.15
253 - OTHER VASCULAR PROCEDURES W CC,340001,CAROLINAS HEALTHCARE SYSTEM NORTHEAST,75707.29
253 - OTHER VASCULAR PROCEDURES W CC,340098,CAROLINAS HEALTHCARE SYSTEM PINEVILLE,94732.36
253 - OTHER VASCULAR PROCEDURES W CC,340113,CAROLINAS MEDICAL CENTER/BEHAV HEALTH/MERCY/REHAB,100009.38
254 - OTHER VASCULAR PROCEDURES W/O CC/MCC,340113,CAROLINAS MEDICAL CENTER/BEHAV HEALTH/MERCY/REHAB,71255
264 - OTHER CIRCULATORY SYSTEM O.R. PROCEDURES,340113,CAROLINAS MEDICAL CENTER/BEHAV HEALTH/MERCY/REHAB,116367.29
266 - ENDOVASCULAR CARDIAC VALVE REPLACEMENT W MCC,340113,CAROLINAS MEDICAL CENTER/BEHAV HEALTH/MERCY/REHAB,172014.47
267 - ENDOVASCULAR CARDIAC VALVE REPLACEMENT W/O MCC,340113,CAROLINAS MEDICAL CENTER/BEHAV HEALTH/MERCY/REHAB,134609.87
268 - AORTIC AND HEART ASSIST PROCEDURES EXCEPT PULSATION BALLOON W MCC,340113,CAROLINAS MEDICAL CENTER/BEHAV HEALTH/MERCY/REHAB,260664.91
269 - AORTIC AND HEART ASSIST PROCEDURES EXCEPT PULSATION BALLOON W/O MCC,340001,CAROLINAS HEALTHCARE SYSTEM NORTHEAST,122558.53
269 - AORTIC AND HEART ASSIST PROCEDURES EXCEPT PULSATION BALLOON W/O MCC,340113,CAROLINAS MEDICAL CENTER/BEHAV HEALTH/MERCY/REHAB,140056.85
270 - OTHER MAJOR CARDIOVASCULAR PROCEDURES W MCC,340001,CAROLINAS HEALTHCARE SYSTEM NORTHEAST,118812.46
270 - OTHER MAJOR CARDIOVASCULAR PROCEDURES W MCC,340113,CAROLINAS MEDICAL CENTER/BEHAV HEALTH/MERCY/REHAB,143919.57
271 - OTHER MAJOR CARDIOVASCULAR PROCEDURES W CC,340001,CAROLINAS HEALTHCARE SYSTEM NORTHEAST,84077.38
271 - OTHER MAJOR CARDIOVASCULAR PROCEDURES W CC,340113,CAROLINAS MEDICAL CENTER/BEHAV HEALTH/MERCY/REHAB,109975.42
273 - PERCUTANEOUS INTRACARDIAC PROCEDURES W MCC,340113,CAROLINAS MEDICAL CENTER/BEHAV HEALTH/MERCY/REHAB,154425.33
274 - PERCUTANEOUS INTRACARDIAC PROCEDURES W/O MCC,340113,CAROLINAS MEDICAL CENTER/BEHAV HEALTH/MERCY/REHAB,106635.33
"280 - ACUTE MYOCARDIAL INFARCTION, DISCHARGED ALIVE W MCC",340001,CAROLINAS HEALTHCARE SYSTEM NORTHEAST,45165.73
"280 - ACUTE MYOCARDIAL INFARCTION, DISCHARGED ALIVE W MCC",340021,CAROLINAS HEALTHCARE SYSTEM CLEVELAND,38408.32
"280 - ACUTE MYOCARDIAL INFARCTION, DISCHARGED ALIVE W MCC",340098,CAROLINAS HEALTHCARE SYSTEM PINEVILLE,42123.24
"280 - ACUTE MYOCARDIAL INFARCTION, DISCHARGED ALIVE W MCC",340113,CAROLINAS MEDICAL CENTER/BEHAV HEALTH/MERCY/REHAB,52918.74
"280 - ACUTE MYOCARDIAL INFARCTION, DISCHARGED ALIVE W MCC",340119,CAROLINAS HEALTHCARE SYSTEM STANLY,21982.75
"280 - ACUTE MYOCARDIAL INFARCTION, DISCHARGED ALIVE W MCC",340130,CAROLINAS HEALTHCARE SYSTEM UNION,40445.5
"280 - ACUTE MYOCARDIAL INFARCTION, DISCHARGED ALIVE W MCC",340145,CAROLINAS HEALTHCARE SYSTEM LINCOLN,32862.55
"281 - ACUTE MYOCARDIAL INFARCTION, DISCHARGED ALIVE W CC",340001,CAROLINAS HEALTHCARE SYSTEM NORTHEAST,32769.64
"281 - ACUTE MYOCARDIAL INFARCTION, DISCHARGED ALIVE W CC",340098,CAROLINAS HEALTHCARE SYSTEM PINEVILLE,31552.65
"281 - ACUTE MYOCARDIAL INFARCTION, DISCHARGED ALIVE W CC",340113,CAROLINAS MEDICAL CENTER/BEHAV HEALTH/MERCY/REHAB,31345.89
"281 - ACUTE MYOCARDIAL INFARCTION, DISCHARGED ALIVE W CC",340119,CAROLINAS HEALTHCARE SYSTEM STANLY,19235.67
"282 - ACUTE MYOCARDIAL INFARCTION, DISCHARGED ALIVE W/O CC/MCC",340001,CAROLINAS HEALTHCARE SYSTEM NORTHEAST,28734.36
"282 - ACUTE MYOCARDIAL INFARCTION, DISCHARGED ALIVE W/O CC/MCC",340021,CAROLINAS HEALTHCARE SYSTEM CLEVELAND,23307.08
"282 - ACUTE MYOCARDIAL INFARCTION, DISCHARGED ALIVE W/O CC/MCC",340098,CAROLINAS HEALTHCARE SYSTEM PINEVILLE,26096.5
"282 - ACUTE MYOCARDIAL INFARCTION, DISCHARGED ALIVE W/O CC/MCC",340113,CAROLINAS MEDICAL CENTER/BEHAV HEALTH/MERCY/REHAB,26339
"282 - ACUTE MYOCARDIAL INFARCTION, DISCHARGED ALIVE W/O CC/MCC",340130,CAROLINAS HEALTHCARE SYSTEM UNION,37797.38
"283 - ACUTE MYOCARDIAL INFARCTION, EXPIRED W MCC",340113,CAROLINAS MEDICAL CENTER/BEHAV HEALTH/MERCY/REHAB,51843.46
"286 - CIRCULATORY DISORDERS EXCEPT AMI, W CARD CATH W MCC",340001,CAROLINAS HEALTHCARE SYSTEM NORTHEAST,55300.08
"286 - CIRCULATORY DISORDERS EXCEPT AMI, W CARD CATH W MCC",340098,CAROLINAS HEALTHCARE SYSTEM PINEVILLE,72550.56
"286 - CIRCULATORY DISORDERS EXCEPT AMI, W CARD CATH W MCC",340113,CAROLINAS MEDICAL CENTER/BEHAV HEALTH/MERCY/REHAB,58697.34
"287 - CIRCULATORY DISORDERS EXCEPT AMI, W CARD CATH W/O MCC",340001,CAROLINAS HEALTHCARE SYSTEM NORTHEAST,35813.94
"287 - CIRCULATORY DISORDERS EXCEPT AMI, W CARD CATH W/O MCC",340098,CAROLINAS HEALTHCARE SYSTEM PINEVILLE,41713.29
"287 - CIRCULATORY DISORDERS EXCEPT AMI, W CARD CATH W/O MCC",340113,CAROLINAS MEDICAL CENTER/BEHAV HEALTH/MERCY/REHAB,40919.14
"287 - CIRCULATORY DISORDERS EXCEPT AMI, W CARD CATH W/O MCC",340130,CAROLINAS HEALTHCARE SYSTEM UNION,39237.31
291 - HEART FAILURE & SHOCK W MCC,340001,CAROLINAS HEALTHCARE SYSTEM NORTHEAST,34506.01
291 - HEART FAILURE & SHOCK W MCC,340021,CAROLINAS HEALTHCARE SYSTEM CLEVELAND,33190.2
291 - HEART FAILURE & SHOCK W MCC,340037,CAROLINAS HEALTHCARE SYSTEM KINGS MOUNTAIN,29733.25
291 - HEART FAILURE & SHOCK W MCC,340098,CAROLINAS HEALTHCARE SYSTEM PINEVILLE,34718.57
291 - HEART FAILURE & SHOCK W MCC,340113,CAROLINAS MEDICAL CENTER/BEHAV HEALTH/MERCY/REHAB,35993.26
291 - HEART FAILURE & SHOCK W MCC,340119,CAROLINAS HEALTHCARE SYSTEM STANLY,28347.63
291 - HEART FAILURE & SHOCK W MCC,340130,CAROLINAS HEALTHCARE SYSTEM UNION,26936.81
291 - HEART FAILURE & SHOCK W MCC,340145,CAROLINAS HEALTHCARE SYSTEM LINCOLN,33870.77
291 - HEART FAILURE & SHOCK W MCC,340166,CAROLINAS MED CTR-UNIVERSITY,29545.27
292 - HEART FAILURE & SHOCK W CC,340001,CAROLINAS HEALTHCARE SYSTEM NORTHEAST,24148.05
292 - HEART FAILURE & SHOCK W CC,340021,CAROLINAS HEALTHCARE SYSTEM CLEVELAND,25860.02
292 - HEART FAILURE & SHOCK W CC,340098,CAROLINAS HEALTHCARE SYSTEM PINEVILLE,23320.58
292 - HEART FAILURE & SHOCK W CC,340113,CAROLINAS MEDICAL CENTER/BEHAV HEALTH/MERCY/REHAB,22868.2
292 - HEART FAILURE & SHOCK W CC,340119,CAROLINAS HEALTHCARE SYSTEM STANLY,18362.65
292 - HEART FAILURE & SHOCK W CC,340130,CAROLINAS HEALTHCARE SYSTEM UNION,19500.54
292 - HEART FAILURE & SHOCK W CC,340145,CAROLINAS HEALTHCARE SYSTEM LINCOLN,25387.98
292 - HEART FAILURE & SHOCK W CC,340166,CAROLINAS MED CTR-UNIVERSITY,21060.1
293 - HEART FAILURE & SHOCK W/O CC/MCC,340001,CAROLINAS HEALTHCARE SYSTEM NORTHEAST,19000.26
293 - HEART FAILURE & SHOCK W/O CC/MCC,340021,CAROLINAS HEALTHCARE SYSTEM CLEVELAND,18356.77
293 - HEART FAILURE & SHOCK W/O CC/MCC,340098,CAROLINAS HEALTHCARE SYSTEM PINEVILLE,22289.61
293 - HEART FAILURE & SHOCK W/O CC/MCC,340113,CAROLINAS MEDICAL CENTER/BEHAV HEALTH/MERCY/REHAB,16005.07
293 - HEART FAILURE & SHOCK W/O CC/MCC,340130,CAROLINAS HEALTHCARE SYSTEM UNION,17501.39
293 - HEART FAILURE & SHOCK W/O CC/MCC,340145,CAROLINAS HEALTHCARE SYSTEM LINCOLN,20532.5
299 - PERIPHERAL VASCULAR DISORDERS W MCC,340001,CAROLINAS HEALTHCARE SYSTEM NORTHEAST,27104.83
299 - PERIPHERAL VASCULAR DISORDERS W MCC,340098,CAROLINAS HEALTHCARE SYSTEM PINEVILLE,36914.77
299 - PERIPHERAL VASCULAR DISORDERS W MCC,340113,CAROLINAS MEDICAL CENTER/BEHAV HEALTH/MERCY/REHAB,40654.39
300 - PERIPHERAL VASCULAR DISORDERS W CC,340001,CAROLINAS HEALTHCARE SYSTEM NORTHEAST,21878.04
300 - PERIPHERAL VASCULAR DISORDERS W CC,340021,CAROLINAS HEALTHCARE SYSTEM CLEVELAND,26953.82
300 - PERIPHERAL VASCULAR DISORDERS W CC,340098,CAROLINAS HEALTHCARE SYSTEM PINEVILLE,20697.06
300 - PERIPHERAL VASCULAR DISORDERS W CC,340113,CAROLINAS MEDICAL CENTER/BEHAV HEALTH/MERCY/REHAB,24230.6
301 - PERIPHERAL VASCULAR DISORDERS W/O CC/MCC,340113,CAROLINAS MEDICAL CENTER/BEHAV HEALTH/MERCY/REHAB,18761.5
303 - ATHEROSCLEROSIS W/O MCC,340001,CAROLINAS HEALTHCARE SYSTEM NORTHEAST,18235.93
305 - HYPERTENSION W/O MCC,340113,CAROLINAS MEDICAL CENTER/BEHAV HEALTH/MERCY/REHAB,25146.19
308 - CARDIAC ARRHYTHMIA & CONDUCTION DISORDERS W MCC,340001,CAROLINAS HEALTHCARE SYSTEM NORTHEAST,34225.36
308 - CARDIAC ARRHYTHMIA & CONDUCTION DISORDERS W MCC,340021,CAROLINAS HEALTHCARE SYSTEM CLEVELAND,31904.18
308 - CARDIAC ARRHYTHMIA & CONDUCTION DISORDERS W MCC,340098,CAROLINAS HEALTHCARE SYSTEM PINEVILLE,30980.24
308 - CARDIAC ARRHYTHMIA & CONDUCTION DISORDERS W MCC,340113,CAROLINAS MEDICAL CENTER/BEHAV HEALTH/MERCY/REHAB,39479.26
308 - CARDIAC ARRHYTHMIA & CONDUCTION DISORDERS W MCC,340119,CAROLINAS HEALTHCARE SYSTEM STANLY,23622.38
308 - CARDIAC ARRHYTHMIA & CONDUCTION DISORDERS W MCC,340130,CAROLINAS HEALTHCARE SYSTEM UNION,25853.3
308 - CARDIAC ARRHYTHMIA & CONDUCTION DISORDERS W MCC,340145,CAROLINAS HEALTHCARE SYSTEM LINCOLN,30049
308 - CARDIAC ARRHYTHMIA & CONDUCTION DISORDERS W MCC,340166,CAROLINAS MED CTR-UNIVERSITY,36837.92
309 - CARDIAC ARRHYTHMIA & CONDUCTION DISORDERS W CC,340001,CAROLINAS HEALTHCARE SYSTEM NORTHEAST,21488.04
309 - CARDIAC ARRHYTHMIA & CONDUCTION DISORDERS W CC,340021,CAROLINAS HEALTHCARE SYSTEM CLEVELAND,26430.95
309 - CARDIAC ARRHYTHMIA & CONDUCTION DISORDERS W CC,340098,CAROLINAS HEALTHCARE SYSTEM PINEVILLE,25125.08
309 - CARDIAC ARRHYTHMIA & CONDUCTION DISORDERS W CC,340113,CAROLINAS MEDICAL CENTER/BEHAV HEALTH/MERCY/REHAB,22844.97
309 - CARDIAC ARRHYTHMIA & CONDUCTION DISORDERS W CC,340119,CAROLINAS HEALTHCARE SYSTEM STANLY,21164.58
309 - CARDIAC ARRHYTHMIA & CONDUCTION DISORDERS W CC,340130,CAROLINAS HEALTHCARE SYSTEM UNION,23047.61
309 - CARDIAC ARRHYTHMIA & CONDUCTION DISORDERS W CC,340145,CAROLINAS HEALTHCARE SYSTEM LINCOLN,25646.92
309 - CARDIAC ARRHYTHMIA & CONDUCTION DISORDERS W CC,340166,CAROLINAS MED CTR-UNIVERSITY,20598.69
310 - CARDIAC ARRHYTHMIA & CONDUCTION DISORDERS W/O CC/MCC,340001,CAROLINAS HEALTHCARE SYSTEM NORTHEAST,16955.89
310 - CARDIAC ARRHYTHMIA & CONDUCTION DISORDERS W/O CC/MCC,340021,CAROLINAS HEALTHCARE SYSTEM CLEVELAND,21568.44
310 - CARDIAC ARRHYTHMIA & CONDUCTION DISORDERS W/O CC/MCC,340098,CAROLINAS HEALTHCARE SYSTEM PINEVILLE,19441.67
310 - CARDIAC ARRHYTHMIA & CONDUCTION DISORDERS W/O CC/MCC,340113,CAROLINAS MEDICAL CENTER/BEHAV HEALTH/MERCY/REHAB,18085.82
310 - CARDIAC ARRHYTHMIA & CONDUCTION DISORDERS W/O CC/MCC,340130,CAROLINAS HEALTHCARE SYSTEM UNION,20707.38
312 - SYNCOPE & COLLAPSE,340001,CAROLINAS HEALTHCARE SYSTEM NORTHEAST,24002.83
312 - SYNCOPE & COLLAPSE,340098,CAROLINAS HEALTHCARE SYSTEM PINEVILLE,21254.28
312 - SYNCOPE & COLLAPSE,340113,CAROLINAS MEDICAL CENTER/BEHAV HEALTH/MERCY/REHAB,24350.82
313 - CHEST PAIN,340001,CAROLINAS HEALTHCARE SYSTEM NORTHEAST,27953.95
313 - CHEST PAIN,340098,CAROLINAS HEALTHCARE SYSTEM PINEVILLE,22809.56
313 - CHEST PAIN,340113,CAROLINAS MEDICAL CENTER/BEHAV HEALTH/MERCY/REHAB,27544.31
314 - OTHER CIRCULATORY SYSTEM DIAGNOSES W MCC,340001,CAROLINAS HEALTHCARE SYSTEM NORTHEAST,37118.62
314 - OTHER CIRCULATORY SYSTEM DIAGNOSES W MCC,340098,CAROLINAS HEALTHCARE SYSTEM PINEVILLE,53167.35
314 - OTHER CIRCULATORY SYSTEM DIAGNOSES W MCC,340113,CAROLINAS MEDICAL CENTER/BEHAV HEALTH/MERCY/REHAB,47356.47
314 - OTHER CIRCULATORY SYSTEM DIAGNOSES W MCC,340130,CAROLINAS HEALTHCARE SYSTEM UNION,26361.38
315 - OTHER CIRCULATORY SYSTEM DIAGNOSES W CC,340001,CAROLINAS HEALTHCARE SYSTEM NORTHEAST,24450.25
315 - OTHER CIRCULATORY SYSTEM DIAGNOSES W CC,340113,CAROLINAS MEDICAL CENTER/BEHAV HEALTH/MERCY/REHAB,28517.43
"326 - STOMACH, ESOPHAGEAL & DUODENAL PROC W MCC",340001,CAROLINAS HEALTHCARE SYSTEM NORTHEAST,119000.81
"326 - STOMACH, ESOPHAGEAL & DUODENAL PROC W MCC",340021,CAROLINAS HEALTHCARE SYSTEM CLEVELAND,82598.82
"326 - STOMACH, ESOPHAGEAL & DUODENAL PROC W MCC",340113,CAROLINAS MEDICAL CENTER/BEHAV HEALTH/MERCY/REHAB,132738.12
"327 - STOMACH, ESOPHAGEAL & DUODENAL PROC W CC",340098,CAROLINAS HEALTHCARE SYSTEM PINEVILLE,46377.13
"327 - STOMACH, ESOPHAGEAL & DUODENAL PROC W CC",340113,CAROLINAS MEDICAL CENTER/BEHAV HEALTH/MERCY/REHAB,83860.53
"328 - STOMACH, ESOPHAGEAL & DUODENAL PROC W/O CC/MCC",340098,CAROLINAS HEALTHCARE SYSTEM PINEVILLE,51161.08
"328 - STOMACH, ESOPHAGEAL & DUODENAL PROC W/O CC/MCC",340113,CAROLINAS MEDICAL CENTER/BEHAV HEALTH/MERCY/REHAB,58248.94
329 - MAJOR SMALL & LARGE BOWEL PROCEDURES W MCC,340001,CAROLINAS HEALTHCARE SYSTEM NORTHEAST,98498.17
329 - MAJOR SMALL & LARGE BOWEL PROCEDURES W MCC,340098,CAROLINAS HEALTHCARE SYSTEM PINEVILLE,126470.11
329 - MAJOR SMALL & LARGE BOWEL PROCEDURES W MCC,340113,CAROLINAS MEDICAL CENTER/BEHAV HEALTH/MERCY/REHAB,147173.61
330 - MAJOR SMALL & LARGE BOWEL PROCEDURES W CC,340001,CAROLINAS HEALTHCARE SYSTEM NORTHEAST,67684.06
330 - MAJOR SMALL & LARGE BOWEL PROCEDURES W CC,340021,CAROLINAS HEALTHCARE SYSTEM CLEVELAND,71477.55
330 - MAJOR SMALL & LARGE BOWEL PROCEDURES W CC,340098,CAROLINAS HEALTHCARE SYSTEM PINEVILLE,71214.02
330 - MAJOR SMALL & LARGE BOWEL PROCEDURES W CC,340113,CAROLINAS MEDICAL CENTER/BEHAV HEALTH/MERCY/REHAB,87181.37
330 - MAJOR SMALL & LARGE BOWEL PROCEDURES W CC,340130,CAROLINAS HEALTHCARE SYSTEM UNION,80504.92
331 - MAJOR SMALL & LARGE BOWEL PROCEDURES W/O CC/MCC,340001,CAROLINAS HEALTHCARE SYSTEM NORTHEAST,51090.84
331 - MAJOR SMALL & LARGE BOWEL PROCEDURES W/O CC/MCC,340113,CAROLINAS MEDICAL CENTER/BEHAV HEALTH/MERCY/REHAB,62828.36
336 - PERITONEAL ADHESIOLYSIS W CC,340113,CAROLINAS MEDICAL CENTER/BEHAV HEALTH/MERCY/REHAB,75972
337 - PERITONEAL ADHESIOLYSIS W/O CC/MCC,340113,CAROLINAS MEDICAL CENTER/BEHAV HEALTH/MERCY/REHAB,62636.44
354 - HERNIA PROCEDURES EXCEPT INGUINAL & FEMORAL W CC,340113,CAROLINAS MEDICAL CENTER/BEHAV HEALTH/MERCY/REHAB,59263.21
355 - HERNIA PROCEDURES EXCEPT INGUINAL & FEMORAL W/O CC/MCC,340113,CAROLINAS MEDICAL CENTER/BEHAV HEALTH/MERCY/REHAB,52500.19
356 - OTHER DIGESTIVE SYSTEM O.R. PROCEDURES W MCC,340113,CAROLINAS MEDICAL CENTER/BEHAV HEALTH/MERCY/REHAB,94351.62
357 - OTHER DIGESTIVE SYSTEM O.R. PROCEDURES W CC,340001,CAROLINAS HEALTHCARE SYSTEM NORTHEAST,48739.29
357 - OTHER DIGESTIVE SYSTEM O.R. PROCEDURES W CC,340113,CAROLINAS MEDICAL CENTER/BEHAV HEALTH/MERCY/REHAB,74057.9
371 - MAJOR GASTROINTESTINAL DISORDERS & PERITONEAL INFECTIONS W MCC,340001,CAROLINAS HEALTHCARE SYSTEM NORTHEAST,30610.6
371 - MAJOR GASTROINTESTINAL DISORDERS & PERITONEAL INFECTIONS W MCC,340021,CAROLINAS HEALTHCARE SYSTEM CLEVELAND,40620.73
371 - MAJOR GASTROINTESTINAL DISORDERS & PERITONEAL INFECTIONS W MCC,340098,CAROLINAS HEALTHCARE SYSTEM PINEVILLE,33846.45
371 - MAJOR GASTROINTESTINAL DISORDERS & PERITONEAL INFECTIONS W MCC,340113,CAROLINAS MEDICAL CENTER/BEHAV HEALTH/MERCY/REHAB,42957.7
372 - MAJOR GASTROINTESTINAL DISORDERS & PERITONEAL INFECTIONS W CC,340001,CAROLINAS HEALTHCARE SYSTEM NORTHEAST,22912.69
372 - MAJOR GASTROINTESTINAL DISORDERS & PERITONEAL INFECTIONS W CC,340021,CAROLINAS HEALTHCARE SYSTEM CLEVELAND,24096.74
372 - MAJOR GASTROINTESTINAL DISORDERS & PERITONEAL INFECTIONS W CC,340098,CAROLINAS HEALTHCARE SYSTEM PINEVILLE,28260
372 - MAJOR GASTROINTESTINAL DISORDERS & PERITONEAL INFECTIONS W CC,340113,CAROLINAS MEDICAL CENTER/BEHAV HEALTH/MERCY/REHAB,35378.93
372 - MAJOR GASTROINTESTINAL DISORDERS & PERITONEAL INFECTIONS W CC,340130,CAROLINAS HEALTHCARE SYSTEM UNION,21403.75
372 - MAJOR GASTROINTESTINAL DISORDERS & PERITONEAL INFECTIONS W CC,340145,CAROLINAS HEALTHCARE SYSTEM LINCOLN,29118.64
374 - DIGESTIVE MALIGNANCY W MCC,340098,CAROLINAS HEALTHCARE SYSTEM PINEVILLE,51269.45
374 - DIGESTIVE MALIGNANCY W MCC,340113,CAROLINAS MEDICAL CENTER/BEHAV HEALTH/MERCY/REHAB,61309.96
375 - DIGESTIVE MALIGNANCY W CC,340113,CAROLINAS MEDICAL CENTER/BEHAV HEALTH/MERCY/REHAB,44480.8
377 - G.I. HEMORRHAGE W MCC,340001,CAROLINAS HEALTHCARE SYSTEM NORTHEAST,44195.65
377 - G.I. HEMORRHAGE W MCC,340021,CAROLINAS HEALTHCARE SYSTEM CLEVELAND,42505.59
377 - G.I. HEMORRHAGE W MCC,340098,CAROLINAS HEALTHCARE SYSTEM PINEVILLE,44095.65
377 - G.I. HEMORRHAGE W MCC,340113,CAROLINAS MEDICAL CENTER/BEHAV HEALTH/MERCY/REHAB,48003.98
377 - G.I. HEMORRHAGE W MCC,340130,CAROLINAS HEALTHCARE SYSTEM UNION,37540.29
377 - G.I. HEMORRHAGE W MCC,340166,CAROLINAS MED CTR-UNIVERSITY,43042.56
378 - G.I. HEMORRHAGE W CC,340001,CAROLINAS HEALTHCARE SYSTEM NORTHEAST,28254.89
378 - G.I. HEMORRHAGE W CC,340021,CAROLINAS HEALTHCARE SYSTEM CLEVELAND,34886.24
378 - G.I. HEMORRHAGE W CC,340037,CAROLINAS HEALTHCARE SYSTEM KINGS MOUNTAIN,30849.5
378 - G.I. HEMORRHAGE W CC,340098,CAROLINAS HEALTHCARE SYSTEM PINEVILLE,33123.74
378 - G.I. HEMORRHAGE W CC,340113,CAROLINAS MEDICAL CENTER/BEHAV HEALTH/MERCY/REHAB,30272.54
378 - G.I. HEMORRHAGE W CC,340119,CAROLINAS HEALTHCARE SYSTEM STANLY,26018.67
378 - G.I. HEMORRHAGE W CC,340130,CAROLINAS HEALTHCARE SYSTEM UNION,26694.67
378 - G.I. HEMORRHAGE W CC,340145,CAROLINAS HEALTHCARE SYSTEM LINCOLN,26651.74
378 - G.I. HEMORRHAGE W CC,340166,CAROLINAS MED CTR-UNIVERSITY,31586.59
379 - G.I. HEMORRHAGE W/O CC/MCC,340001,CAROLINAS HEALTHCARE SYSTEM NORTHEAST,18162.58
379 - G.I. HEMORRHAGE W/O CC/MCC,340098,CAROLINAS HEALTHCARE SYSTEM PINEVILLE,23547.73
379 - G.I. HEMORRHAGE W/O CC/MCC,340113,CAROLINAS MEDICAL CENTER/BEHAV HEALTH/MERCY/REHAB,22022.53
379 - G.I. HEMORRHAGE W/O CC/MCC,340130,CAROLINAS HEALTHCARE SYSTEM UNION,20150
386 - INFLAMMATORY BOWEL DISEASE W CC,340113,CAROLINAS MEDICAL CENTER/BEHAV HEALTH/MERCY/REHAB,25162
388 - G.I. OBSTRUCTION W MCC,340001,CAROLINAS HEALTHCARE SYSTEM NORTHEAST,36533.29
388 - G.I. OBSTRUCTION W MCC,340113,CAROLINAS MEDICAL CENTER/BEHAV HEALTH/MERCY/REHAB,45135.14
389 - G.I. OBSTRUCTION W CC,340001,CAROLINAS HEALTHCARE SYSTEM NORTHEAST,23267.82
389 - G.I. OBSTRUCTION W CC,340021,CAROLINAS HEALTHCARE SYSTEM CLEVELAND,27496.41
389 - G.I. OBSTRUCTION W CC,340098,CAROLINAS HEALTHCARE SYSTEM PINEVILLE,26202.86
389 - G.I. OBSTRUCTION W CC,340113,CAROLINAS MEDICAL CENTER/BEHAV HEALTH/MERCY/REHAB,22326.55
389 - G.I. OBSTRUCTION W CC,340119,CAROLINAS HEALTHCARE SYSTEM STANLY,19648.33
389 - G.I. OBSTRUCTION W CC,340130,CAROLINAS HEALTHCARE SYSTEM UNION,20443.17
389 - G.I. OBSTRUCTION W CC,340145,CAROLINAS HEALTHCARE SYSTEM LINCOLN,27663.67
390 - G.I. OBSTRUCTION W/O CC/MCC,340001,CAROLINAS HEALTHCARE SYSTEM NORTHEAST,18497.89
390 - G.I. OBSTRUCTION W/O CC/MCC,340021,CAROLINAS HEALTHCARE SYSTEM CLEVELAND,22935.92
390 - G.I. OBSTRUCTION W/O CC/MCC,340098,CAROLINAS HEALTHCARE SYSTEM PINEVILLE,15411.92
390 - G.I. OBSTRUCTION W/O CC/MCC,340113,CAROLINAS MEDICAL CENTER/BEHAV HEALTH/MERCY/REHAB,17766.28
390 - G.I. OBSTRUCTION W/O CC/MCC,340130,CAROLINAS HEALTHCARE SYSTEM UNION,18349
390 - G.I. OBSTRUCTION W/O CC/MCC,340166,CAROLINAS MED CTR-UNIVERSITY,14888.18
"391 - ESOPHAGITIS, GASTROENT & MISC DIGEST DISORDERS W MCC",340001,CAROLINAS HEALTHCARE SYSTEM NORTHEAST,29238.68
"391 - ESOPHAGITIS, GASTROENT & MISC DIGEST DISORDERS W MCC",340098,CAROLINAS HEALTHCARE SYSTEM PINEVILLE,34618.78
"391 - ESOPHAGITIS, GASTROENT & MISC DIGEST DISORDERS W MCC",340113,CAROLINAS MEDICAL CENTER/BEHAV HEALTH/MERCY/REHAB,32199.64
"391 - ESOPHAGITIS, GASTROENT & MISC DIGEST DISORDERS W MCC",340130,CAROLINAS HEALTHCARE SYSTEM UNION,31047.86
"392 - ESOPHAGITIS, GASTROENT & MISC DIGEST DISORDERS W/O MCC",340001,CAROLINAS HEALTHCARE SYSTEM NORTHEAST,22804.17
"392 - ESOPHAGITIS, GASTROENT & MISC DIGEST DISORDERS W/O MCC",340021,CAROLINAS HEALTHCARE SYSTEM CLEVELAND,23961.68
"392 - ESOPHAGITIS, GASTROENT & MISC DIGEST DISORDERS W/O MCC",340037,CAROLINAS HEALTHCARE SYSTEM KINGS MOUNTAIN,23429.25
"392 - ESOPHAGITIS, GASTROENT & MISC DIGEST DISORDERS W/O MCC",340098,CAROLINAS HEALTHCARE SYSTEM PINEVILLE,27132.53
"392 - ESOPHAGITIS, GASTROENT & MISC DIGEST DISORDERS W/O MCC",340113,CAROLINAS MEDICAL CENTER/BEHAV HEALTH/MERCY/REHAB,24642.78
"392 - ESOPHAGITIS, GASTROENT & MISC DIGEST DISORDERS W/O MCC",340119,CAROLINAS HEALTHCARE SYSTEM STANLY,23079.95
"392 - ESOPHAGITIS, GASTROENT & MISC DIGEST DISORDERS W/O MCC",340130,CAROLINAS HEALTHCARE SYSTEM UNION,22009.39
"392 - ESOPHAGITIS, GASTROENT & MISC DIGEST DISORDERS W/O MCC",340145,CAROLINAS HEALTHCARE SYSTEM LINCOLN,24399.29
"392 - ESOPHAGITIS, GASTROENT & MISC DIGEST DISORDERS W/O MCC",340166,CAROLINAS MED CTR-UNIVERSITY,22997.57
393 - OTHER DIGESTIVE SYSTEM DIAGNOSES W MCC,340001,CAROLINAS HEALTHCARE SYSTEM NORTHEAST,40008.44
393 - OTHER DIGESTIVE SYSTEM DIAGNOSES W MCC,340113,CAROLINAS MEDICAL CENTER/BEHAV HEALTH/MERCY/REHAB,42134.41
394 - OTHER DIGESTIVE SYSTEM DIAGNOSES W CC,340001,CAROLINAS HEALTHCARE SYSTEM NORTHEAST,24883.32
394 - OTHER DIGESTIVE SYSTEM DIAGNOSES W CC,340021,CAROLINAS HEALTHCARE SYSTEM CLEVELAND,35667.62
394 - OTHER DIGESTIVE SYSTEM DIAGNOSES W CC,340098,CAROLINAS HEALTHCARE SYSTEM PINEVILLE,28161.09
394 - OTHER DIGESTIVE SYSTEM DIAGNOSES W CC,340113,CAROLINAS MEDICAL CENTER/BEHAV HEALTH/MERCY/REHAB,26972.9
394 - OTHER DIGESTIVE SYSTEM DIAGNOSES W CC,340119,CAROLINAS HEALTHCARE SYSTEM STANLY,26164
"405 - PANCREAS, LIVER & SHUNT PROCEDURES W MCC",340113,CAROLINAS MEDICAL CENTER/BEHAV HEALTH/MERCY/REHAB,180088.77
"406 - PANCREAS, LIVER & SHUNT PROCEDURES W CC",340113,CAROLINAS MEDICAL CENTER/BEHAV HEALTH/MERCY/REHAB,107213.4
"407 - PANCREAS, LIVER & SHUNT PROCEDURES W/O CC/MCC",340113,CAROLINAS MEDICAL CENTER/BEHAV HEALTH/MERCY/REHAB,79742.65
408 - BILIARY TRACT PROC EXCEPT ONLY CHOLECYST W OR W/O C.D.E. W MCC,340113,CAROLINAS MEDICAL CENTER/BEHAV HEALTH/MERCY/REHAB,94063.82
417 - LAPAROSCOPIC CHOLECYSTECTOMY W/O C.D.E. W MCC,340021,CAROLINAS HEALTHCARE SYSTEM CLEVELAND,80996.47
417 - LAPAROSCOPIC CHOLECYSTECTOMY W/O C.D.E. W MCC,340098,CAROLINAS HEALTHCARE SYSTEM PINEVILLE,61958.45
417 - LAPAROSCOPIC CHOLECYSTECTOMY W/O C.D.E. W MCC,340113,CAROLINAS MEDICAL CENTER/BEHAV HEALTH/MERCY/REHAB,90241.67
418 - LAPAROSCOPIC CHOLECYSTECTOMY W/O C.D.E. W CC,340001,CAROLINAS HEALTHCARE SYSTEM NORTHEAST,56388.47
418 - LAPAROSCOPIC CHOLECYSTECTOMY W/O C.D.E. W CC,340098,CAROLINAS HEALTHCARE SYSTEM PINEVILLE,61669
418 - LAPAROSCOPIC CHOLECYSTECTOMY W/O C.D.E. W CC,340113,CAROLINAS MEDICAL CENTER/BEHAV HEALTH/MERCY/REHAB,69141.19
419 - LAPAROSCOPIC CHOLECYSTECTOMY W/O C.D.E. W/O CC/MCC,340001,CAROLINAS HEALTHCARE SYSTEM NORTHEAST,48410
419 - LAPAROSCOPIC CHOLECYSTECTOMY W/O C.D.E. W/O CC/MCC,340098,CAROLINAS HEALTHCARE SYSTEM PINEVILLE,50570.85
419 - LAPAROSCOPIC CHOLECYSTECTOMY W/O C.D.E. W/O CC/MCC,340113,CAROLINAS MEDICAL CENTER/BEHAV HEALTH/MERCY/REHAB,54887.73
420 - HEPATOBILIARY DIAGNOSTIC PROCEDURES W MCC,340113,CAROLINAS MEDICAL CENTER/BEHAV HEALTH/MERCY/REHAB,93675.88
432 - CIRRHOSIS & ALCOHOLIC HEPATITIS W MCC,340113,CAROLINAS MEDICAL CENTER/BEHAV HEALTH/MERCY/REHAB,43198.43
433 - CIRRHOSIS & ALCOHOLIC HEPATITIS W CC,340113,CAROLINAS MEDICAL CENTER/BEHAV HEALTH/MERCY/REHAB,32350.64
435 - MALIGNANCY OF HEPATOBILIARY SYSTEM OR PANCREAS W MCC,340113,CAROLINAS MEDICAL CENTER/BEHAV HEALTH/MERCY/REHAB,57245.69
436 - MALIGNANCY OF HEPATOBILIARY SYSTEM OR PANCREAS W CC,340113,CAROLINAS MEDICAL CENTER/BEHAV HEALTH/MERCY/REHAB,34431.69
438 - DISORDERS OF PANCREAS EXCEPT MALIGNANCY W MCC,340113,CAROLINAS MEDICAL CENTER/BEHAV HEALTH/MERCY/REHAB,46521.48
439 - DISORDERS OF PANCREAS EXCEPT MALIGNANCY W CC,340001,CAROLINAS HEALTHCARE SYSTEM NORTHEAST,25111.44
439 - DISORDERS OF PANCREAS EXCEPT MALIGNANCY W CC,340098,CAROLINAS HEALTHCARE SYSTEM PINEVILLE,29747.54
439 - DISORDERS OF PANCREAS EXCEPT MALIGNANCY W CC,340113,CAROLINAS MEDICAL CENTER/BEHAV HEALTH/MERCY/REHAB,27203.64
439 - DISORDERS OF PANCREAS EXCEPT MALIGNANCY W CC,340145,CAROLINAS HEALTHCARE SYSTEM LINCOLN,25214.29
440 - DISORDERS OF PANCREAS EXCEPT MALIGNANCY W/O CC/MCC,340098,CAROLINAS HEALTHCARE SYSTEM PINEVILLE,19023.23
440 - DISORDERS OF PANCREAS EXCEPT MALIGNANCY W/O CC/MCC,340113,CAROLINAS MEDICAL CENTER/BEHAV HEALTH/MERCY/REHAB,19429.29
"441 - DISORDERS OF LIVER EXCEPT MALIG,CIRR,ALC HEPA W MCC",340113,CAROLINAS MEDICAL CENTER/BEHAV HEALTH/MERCY/REHAB,41865.5
"441 - DISORDERS OF LIVER EXCEPT MALIG,CIRR,ALC HEPA W MCC",340130,CAROLINAS HEALTHCARE SYSTEM UNION,30221.55
"442 - DISORDERS OF LIVER EXCEPT MALIG,CIRR,ALC HEPA W CC",340001,CAROLINAS HEALTHCARE SYSTEM NORTHEAST,25902.73
"442 - DISORDERS OF LIVER EXCEPT MALIG,CIRR,ALC HEPA W CC",340113,CAROLINAS MEDICAL CENTER/BEHAV HEALTH/MERCY/REHAB,26233.21
444 - DISORDERS OF THE BILIARY TRACT W MCC,340113,CAROLINAS MEDICAL CENTER/BEHAV HEALTH/MERCY/REHAB,48510.62
445 - DISORDERS OF THE BILIARY TRACT W CC,340113,CAROLINAS MEDICAL CENTER/BEHAV HEALTH/MERCY/REHAB,48865.36
446 - DISORDERS OF THE BILIARY TRACT W/O CC/MCC,340113,CAROLINAS MEDICAL CENTER/BEHAV HEALTH/MERCY/REHAB,35776.31
453 - COMBINED ANTERIOR/POSTERIOR SPINAL FUSION W MCC,340113,CAROLINAS MEDICAL CENTER/BEHAV HEALTH/MERCY/REHAB,318204.8
454 - COMBINED ANTERIOR/POSTERIOR SPINAL FUSION W CC,340113,CAROLINAS MEDICAL CENTER/BEHAV HEALTH/MERCY/REHAB,243582.09
455 - COMBINED ANTERIOR/POSTERIOR SPINAL FUSION W/O CC/MCC,340113,CAROLINAS MEDICAL CENTER/BEHAV HEALTH/MERCY/REHAB,191169.53
457 - SPINAL FUS EXC CERV W SPINAL CURV/MALIG/INFEC OR EXT FUS W CC,340113,CAROLINAS MEDICAL CENTER/BEHAV HEALTH/MERCY/REHAB,197604.54
458 - SPINAL FUS EXC CERV W SPINAL CURV/MALIG/INFEC OR EXT FUS W/O CC/MCC,340113,CAROLINAS MEDICAL CENTER/BEHAV HEALTH/MERCY/REHAB,152732
459 - SPINAL FUSION EXCEPT CERVICAL W MCC,340113,CAROLINAS MEDICAL CENTER/BEHAV HEALTH/MERCY/REHAB,166297.36
460 - SPINAL FUSION EXCEPT CERVICAL W/O MCC,340001,CAROLINAS HEALTHCARE SYSTEM NORTHEAST,128844.92
460 - SPINAL FUSION EXCEPT CERVICAL W/O MCC,340098,CAROLINAS HEALTHCARE SYSTEM PINEVILLE,105127.51
460 - SPINAL FUSION EXCEPT CERVICAL W/O MCC,340113,CAROLINAS MEDICAL CENTER/BEHAV HEALTH/MERCY/REHAB,124899.17
460 - SPINAL FUSION EXCEPT CERVICAL W/O MCC,340130,CAROLINAS HEALTHCARE SYSTEM UNION,83495.91
462 - BILATERAL OR MULTIPLE MAJOR JOINT PROCS OF LOWER EXTREMITY W/O MCC,340098,CAROLINAS HEALTHCARE SYSTEM PINEVILLE,92327.15
462 - BILATERAL OR MULTIPLE MAJOR JOINT PROCS OF LOWER EXTREMITY W/O MCC,340113,CAROLINAS MEDICAL CENTER/BEHAV HEALTH/MERCY/REHAB,91019.22
"463 - WND DEBRID & SKN GRFT EXC HAND, FOR MUSCULO-CONN TISS DIS W MCC",340113,CAROLINAS MEDICAL CENTER/BEHAV HEALTH/MERCY/REHAB,116015.43
"464 - WND DEBRID & SKN GRFT EXC HAND, FOR MUSCULO-CONN TISS DIS W CC",340113,CAROLINAS MEDICAL CENTER/BEHAV HEALTH/MERCY/REHAB,78695.84
"465 - WND DEBRID & SKN GRFT EXC HAND, FOR MUSCULO-CONN TISS DIS W/O CC/MCC",340113,CAROLINAS MEDICAL CENTER/BEHAV HEALTH/MERCY/REHAB,62739.28
466 - REVISION OF HIP OR KNEE REPLACEMENT W MCC,340113,CAROLINAS MEDICAL CENTER/BEHAV HEALTH/MERCY/REHAB,146804.43
467 - REVISION OF HIP OR KNEE REPLACEMENT W CC,340001,CAROLINAS HEALTHCARE SYSTEM NORTHEAST,106739.69
467 - REVISION OF HIP OR KNEE REPLACEMENT W CC,340113,CAROLINAS MEDICAL CENTER/BEHAV HEALTH/MERCY/REHAB,104664.31
468 - REVISION OF HIP OR KNEE REPLACEMENT W/O CC/MCC,340001,CAROLINAS HEALTHCARE SYSTEM NORTHEAST,78327.23
468 - REVISION OF HIP OR KNEE REPLACEMENT W/O CC/MCC,340113,CAROLINAS MEDICAL CENTER/BEHAV HEALTH/MERCY/REHAB,82966.91
469 - MAJOR JOINT REPLACEMENT OR REATTACHMENT OF LOWER EXTREMITY W MCC,340001,CAROLINAS HEALTHCARE SYSTEM NORTHEAST,70838.39
469 - MAJOR JOINT REPLACEMENT OR REATTACHMENT OF LOWER EXTREMITY W MCC,340021,CAROLINAS HEALTHCARE SYSTEM CLEVELAND,95283.77
469 - MAJOR JOINT REPLACEMENT OR REATTACHMENT OF LOWER EXTREMITY W MCC,340098,CAROLINAS HEALTHCARE SYSTEM PINEVILLE,84818.74
469 - MAJOR JOINT REPLACEMENT OR REATTACHMENT OF LOWER EXTREMITY W MCC,340113,CAROLINAS MEDICAL CENTER/BEHAV HEALTH/MERCY/REHAB,99711.13
469 - MAJOR JOINT REPLACEMENT OR REATTACHMENT OF LOWER EXTREMITY W MCC,340130,CAROLINAS HEALTHCARE SYSTEM UNION,71533.29
470 - MAJOR JOINT REPLACEMENT OR REATTACHMENT OF LOWER EXTREMITY W/O MCC,340001,CAROLINAS HEALTHCARE SYSTEM NORTHEAST,62517.17
470 - MAJOR JOINT REPLACEMENT OR REATTACHMENT OF LOWER EXTREMITY W/O MCC,340021,CAROLINAS HEALTHCARE SYSTEM CLEVELAND,61835.6
470 - MAJOR JOINT REPLACEMENT OR REATTACHMENT OF LOWER EXTREMITY W/O MCC,340098,CAROLINAS HEALTHCARE SYSTEM PINEVILLE,64697.33
470 - MAJOR JOINT REPLACEMENT OR REATTACHMENT OF LOWER EXTREMITY W/O MCC,340113,CAROLINAS MEDICAL CENTER/BEHAV HEALTH/MERCY/REHAB,61737.55
470 - MAJOR JOINT REPLACEMENT OR REATTACHMENT OF LOWER EXTREMITY W/O MCC,340119,CAROLINAS HEALTHCARE SYSTEM STANLY,55745.51
470 - MAJOR JOINT REPLACEMENT OR REATTACHMENT OF LOWER EXTREMITY W/O MCC,340130,CAROLINAS HEALTHCARE SYSTEM UNION,59438.6
470 - MAJOR JOINT REPLACEMENT OR REATTACHMENT OF LOWER EXTREMITY W/O MCC,340145,CAROLINAS HEALTHCARE SYSTEM LINCOLN,63033.88
470 - MAJOR JOINT REPLACEMENT OR REATTACHMENT OF LOWER EXTREMITY W/O MCC,340166,CAROLINAS MED CTR-UNIVERSITY,63759.7
471 - CERVICAL SPINAL FUSION W MCC,340113,CAROLINAS MEDICAL CENTER/BEHAV HEALTH/MERCY/REHAB,132477.71
472 - CERVICAL SPINAL FUSION W CC,340098,CAROLINAS HEALTHCARE SYSTEM PINEVILLE,57501.44
472 - CERVICAL SPINAL FUSION W CC,340113,CAROLINAS MEDICAL CENTER/BEHAV HEALTH/MERCY/REHAB,80912.37
473 - CERVICAL SPINAL FUSION W/O CC/MCC,340001,CAROLINAS HEALTHCARE SYSTEM NORTHEAST,70158.6
473 - CERVICAL SPINAL FUSION W/O CC/MCC,340098,CAROLINAS HEALTHCARE SYSTEM PINEVILLE,56415.97
473 - CERVICAL SPINAL FUSION W/O CC/MCC,340113,CAROLINAS MEDICAL CENTER/BEHAV HEALTH/MERCY/REHAB,67757.42
473 - CERVICAL SPINAL FUSION W/O CC/MCC,340130,CAROLINAS HEALTHCARE SYSTEM UNION,64891
474 - AMPUTATION FOR MUSCULOSKELETAL SYS & CONN TISSUE DIS W MCC,340113,CAROLINAS MEDICAL CENTER/BEHAV HEALTH/MERCY/REHAB,80316.31
480 - HIP & FEMUR PROCEDURES EXCEPT MAJOR JOINT W MCC,340001,CAROLINAS HEALTHCARE SYSTEM NORTHEAST,81704.5
480 - HIP & FEMUR PROCEDURES EXCEPT MAJOR JOINT W MCC,340098,CAROLINAS HEALTHCARE SYSTEM PINEVILLE,90653
480 - HIP & FEMUR PROCEDURES EXCEPT MAJOR JOINT W MCC,340113,CAROLINAS MEDICAL CENTER/BEHAV HEALTH/MERCY/REHAB,95464.56
480 - HIP & FEMUR PROCEDURES EXCEPT MAJOR JOINT W MCC,340130,CAROLINAS HEALTHCARE SYSTEM UNION,56253.42
481 - HIP & FEMUR PROCEDURES EXCEPT MAJOR JOINT W CC,340001,CAROLINAS HEALTHCARE SYSTEM NORTHEAST,54565.35
481 - HIP & FEMUR PROCEDURES EXCEPT MAJOR JOINT W CC,340021,CAROLINAS HEALTHCARE SYSTEM CLEVELAND,57505.49
481 - HIP & FEMUR PROCEDURES EXCEPT MAJOR JOINT W CC,340098,CAROLINAS HEALTHCARE SYSTEM PINEVILLE,60493.49
481 - HIP & FEMUR PROCEDURES EXCEPT MAJOR JOINT W CC,340113,CAROLINAS MEDICAL CENTER/BEHAV HEALTH/MERCY/REHAB,68296.46
481 - HIP & FEMUR PROCEDURES EXCEPT MAJOR JOINT W CC,340119,CAROLINAS HEALTHCARE SYSTEM STANLY,46327.13
481 - HIP & FEMUR PROCEDURES EXCEPT MAJOR JOINT W CC,340130,CAROLINAS HEALTHCARE SYSTEM UNION,50346.5
481 - HIP & FEMUR PROCEDURES EXCEPT MAJOR JOINT W CC,340145,CAROLINAS HEALTHCARE SYSTEM LINCOLN,67389.15
481 - HIP & FEMUR PROCEDURES EXCEPT MAJOR JOINT W CC,340166,CAROLINAS MED CTR-UNIVERSITY,58716.31
482 - HIP & FEMUR PROCEDURES EXCEPT MAJOR JOINT W/O CC/MCC,340001,CAROLINAS HEALTHCARE SYSTEM NORTHEAST,46899.32
482 - HIP & FEMUR PROCEDURES EXCEPT MAJOR JOINT W/O CC/MCC,340021,CAROLINAS HEALTHCARE SYSTEM CLEVELAND,46410.41
482 - HIP & FEMUR PROCEDURES EXCEPT MAJOR JOINT W/O CC/MCC,340098,CAROLINAS HEALTHCARE SYSTEM PINEVILLE,50583.82
482 - HIP & FEMUR PROCEDURES EXCEPT MAJOR JOINT W/O CC/MCC,340113,CAROLINAS MEDICAL CENTER/BEHAV HEALTH/MERCY/REHAB,58472.75
483 - MAJOR JOINT/LIMB REATTACHMENT PROCEDURE OF UPPER EXTREMITIES,340001,CAROLINAS HEALTHCARE SYSTEM NORTHEAST,68129.32
483 - MAJOR JOINT/LIMB REATTACHMENT PROCEDURE OF UPPER EXTREMITIES,340021,CAROLINAS HEALTHCARE SYSTEM CLEVELAND,69055.32
483 - MAJOR JOINT/LIMB REATTACHMENT PROCEDURE OF UPPER EXTREMITIES,340098,CAROLINAS HEALTHCARE SYSTEM PINEVILLE,69006.61
483 - MAJOR JOINT/LIMB REATTACHMENT PROCEDURE OF UPPER EXTREMITIES,340113,CAROLINAS MEDICAL CENTER/BEHAV HEALTH/MERCY/REHAB,72427.73
483 - MAJOR JOINT/LIMB REATTACHMENT PROCEDURE OF UPPER EXTREMITIES,340130,CAROLINAS HEALTHCARE SYSTEM UNION,72573.2
"492 - LOWER EXTREM & HUMER PROC EXCEPT HIP,FOOT,FEMUR W MCC",340113,CAROLINAS MEDICAL CENTER/BEHAV HEALTH/MERCY/REHAB,89143.05
"493 - LOWER EXTREM & HUMER PROC EXCEPT HIP,FOOT,FEMUR W CC",340113,CAROLINAS MEDICAL CENTER/BEHAV HEALTH/MERCY/REHAB,66159.16
"494 - LOWER EXTREM & HUMER PROC EXCEPT HIP,FOOT,FEMUR W/O CC/MCC",340113,CAROLINAS MEDICAL CENTER/BEHAV HEALTH/MERCY/REHAB,51612.67
502 - SOFT TISSUE PROCEDURES W/O CC/MCC,340113,CAROLINAS MEDICAL CENTER/BEHAV HEALTH/MERCY/REHAB,45416.18
516 - OTHER MUSCULOSKELET SYS & CONN TISS O.R. PROC W CC,340113,CAROLINAS MEDICAL CENTER/BEHAV HEALTH/MERCY/REHAB,63312.61
517 - OTHER MUSCULOSKELET SYS & CONN TISS O.R. PROC W/O CC/MCC,340113,CAROLINAS MEDICAL CENTER/BEHAV HEALTH/MERCY/REHAB,46495.85
519 - BACK & NECK PROC EXC SPINAL FUSION W CC,340113,CAROLINAS MEDICAL CENTER/BEHAV HEALTH/MERCY/REHAB,59696.83
520 - BACK & NECK PROC EXC SPINAL FUSION W/O CC/MCC,340113,CAROLINAS MEDICAL CENTER/BEHAV HEALTH/MERCY/REHAB,45595.42
535 - FRACTURES OF HIP & PELVIS W MCC,340113,CAROLINAS MEDICAL CENTER/BEHAV HEALTH/MERCY/REHAB,36362.76
536 - FRACTURES OF HIP & PELVIS W/O MCC,340001,CAROLINAS HEALTHCARE SYSTEM NORTHEAST,18010.72
536 - FRACTURES OF HIP & PELVIS W/O MCC,340021,CAROLINAS HEALTHCARE SYSTEM CLEVELAND,18876.77
536 - FRACTURES OF HIP & PELVIS W/O MCC,340113,CAROLINAS MEDICAL CENTER/BEHAV HEALTH/MERCY/REHAB,18524.45
539 - OSTEOMYELITIS W MCC,340113,CAROLINAS MEDICAL CENTER/BEHAV HEALTH/MERCY/REHAB,61274.42
542 - PATHOLOGICAL FRACTURES & MUSCULOSKELET & CONN TISS MALIG W MCC,340098,CAROLINAS HEALTHCARE SYSTEM PINEVILLE,36329.64
542 - PATHOLOGICAL FRACTURES & MUSCULOSKELET & CONN TISS MALIG W MCC,340113,CAROLINAS MEDICAL CENTER/BEHAV HEALTH/MERCY/REHAB,55135.14
543 - PATHOLOGICAL FRACTURES & MUSCULOSKELET & CONN TISS MALIG W CC,340098,CAROLINAS HEALTHCARE SYSTEM PINEVILLE,23145.85
543 - PATHOLOGICAL FRACTURES & MUSCULOSKELET & CONN TISS MALIG W CC,340113,CAROLINAS MEDICAL CENTER/BEHAV HEALTH/MERCY/REHAB,35030.19
544 - PATHOLOGICAL FRACTURES & MUSCULOSKELET & CONN TISS MALIG W/O CC/MCC,340098,CAROLINAS HEALTHCARE SYSTEM PINEVILLE,18788.43
545 - CONNECTIVE TISSUE DISORDERS W MCC,340113,CAROLINAS MEDICAL CENTER/BEHAV HEALTH/MERCY/REHAB,62067.08
546 - CONNECTIVE TISSUE DISORDERS W CC,340113,CAROLINAS MEDICAL CENTER/BEHAV HEALTH/MERCY/REHAB,42790.08
551 - MEDICAL BACK PROBLEMS W MCC,340001,CAROLINAS HEALTHCARE SYSTEM NORTHEAST,38386.75
551 - MEDICAL BACK PROBLEMS W MCC,340113,CAROLINAS MEDICAL CENTER/BEHAV HEALTH/MERCY/REHAB,50185.76
552 - MEDICAL BACK PROBLEMS W/O MCC,340001,CAROLINAS HEALTHCARE SYSTEM NORTHEAST,26353.97
552 - MEDICAL BACK PROBLEMS W/O MCC,340098,CAROLINAS HEALTHCARE SYSTEM PINEVILLE,24589.12
552 - MEDICAL BACK PROBLEMS W/O MCC,340113,CAROLINAS MEDICAL CENTER/BEHAV HEALTH/MERCY/REHAB,33370.82
554 - BONE DISEASES & ARTHROPATHIES W/O MCC,340113,CAROLINAS MEDICAL CENTER/BEHAV HEALTH/MERCY/REHAB,17046.67
556 - SIGNS & SYMPTOMS OF MUSCULOSKELETAL SYSTEM & CONN TISSUE W/O MCC,340113,CAROLINAS MEDICAL CENTER/BEHAV HEALTH/MERCY/REHAB,21893.73
"558 - TENDONITIS, MYOSITIS & BURSITIS W/O MCC",340098,CAROLINAS HEALTHCARE SYSTEM PINEVILLE,24977.42
"558 - TENDONITIS, MYOSITIS & BURSITIS W/O MCC",340113,CAROLINAS MEDICAL CENTER/BEHAV HEALTH/MERCY/REHAB,21878.27
"560 - AFTERCARE, MUSCULOSKELETAL SYSTEM & CONNECTIVE TISSUE W CC",340113,CAROLINAS MEDICAL CENTER/BEHAV HEALTH/MERCY/REHAB,27565.39
"563 - FX, SPRN, STRN & DISL EXCEPT FEMUR, HIP, PELVIS & THIGH W/O MCC",340113,CAROLINAS MEDICAL CENTER/BEHAV HEALTH/MERCY/REHAB,28667.63
"580 - OTHER SKIN, SUBCUT TISS & BREAST PROC W CC",340113,CAROLINAS MEDICAL CENTER/BEHAV HEALTH/MERCY/REHAB,60256.68
602 - CELLULITIS W MCC,340001,CAROLINAS HEALTHCARE SYSTEM NORTHEAST,32790.3
602 - CELLULITIS W MCC,340098,CAROLINAS HEALTHCARE SYSTEM PINEVILLE,31763.36
602 - CELLULITIS W MCC,340113,CAROLINAS MEDICAL CENTER/BEHAV HEALTH/MERCY/REHAB,36398.08
602 - CELLULITIS W MCC,340130,CAROLINAS HEALTHCARE SYSTEM UNION,19047.71
602 - CELLULITIS W MCC,340145,CAROLINAS HEALTHCARE SYSTEM LINCOLN,28777.06
603 - CELLULITIS W/O MCC,340001,CAROLINAS HEALTHCARE SYSTEM NORTHEAST,18690.26
603 - CELLULITIS W/O MCC,340021,CAROLINAS HEALTHCARE SYSTEM CLEVELAND,16791.9
603 - CELLULITIS W/O MCC,340037,CAROLINAS HEALTHCARE SYSTEM KINGS MOUNTAIN,15685.92
603 - CELLULITIS W/O MCC,340098,CAROLINAS HEALTHCARE SYSTEM PINEVILLE,17197.11
603 - CELLULITIS W/O MCC,340113,CAROLINAS MEDICAL CENTER/BEHAV HEALTH/MERCY/REHAB,18419.08
603 - CELLULITIS W/O MCC,340119,CAROLINAS HEALTHCARE SYSTEM STANLY,16198.71
603 - CELLULITIS W/O MCC,340130,CAROLINAS HEALTHCARE SYSTEM UNION,17401.82
603 - CELLULITIS W/O MCC,340145,CAROLINAS HEALTHCARE SYSTEM LINCOLN,23113.21
"617 - AMPUTAT OF LOWER LIMB FOR ENDOCRINE,NUTRIT,& METABOL DIS W CC",340021,CAROLINAS HEALTHCARE SYSTEM CLEVELAND,39944.88
"617 - AMPUTAT OF LOWER LIMB FOR ENDOCRINE,NUTRIT,& METABOL DIS W CC",340113,CAROLINAS MEDICAL CENTER/BEHAV HEALTH/MERCY/REHAB,53807.14
621 - O.R. PROCEDURES FOR OBESITY W/O CC/MCC,340113,CAROLINAS MEDICAL CENTER/BEHAV HEALTH/MERCY/REHAB,62635.43
637 - DIABETES W MCC,340001,CAROLINAS HEALTHCARE SYSTEM NORTHEAST,24493.38
637 - DIABETES W MCC,340021,CAROLINAS HEALTHCARE SYSTEM CLEVELAND,28056.81
637 - DIABETES W MCC,340098,CAROLINAS HEALTHCARE SYSTEM PINEVILLE,25989.82
637 - DIABETES W MCC,340113,CAROLINAS MEDICAL CENTER/BEHAV HEALTH/MERCY/REHAB,34150.62
637 - DIABETES W MCC,340130,CAROLINAS HEALTHCARE SYSTEM UNION,27587.44
638 - DIABETES W CC,340001,CAROLINAS HEALTHCARE SYSTEM NORTHEAST,22003.25
638 - DIABETES W CC,340021,CAROLINAS HEALTHCARE SYSTEM CLEVELAND,23886.35
638 - DIABETES W CC,340098,CAROLINAS HEALTHCARE SYSTEM PINEVILLE,17476.78
638 - DIABETES W CC,340113,CAROLINAS MEDICAL CENTER/BEHAV HEALTH/MERCY/REHAB,19975.55
638 - DIABETES W CC,340130,CAROLINAS HEALTHCARE SYSTEM UNION,20085
638 - DIABETES W CC,340145,CAROLINAS HEALTHCARE SYSTEM LINCOLN,27592.36
639 - DIABETES W/O CC/MCC,340113,CAROLINAS MEDICAL CENTER/BEHAV HEALTH/MERCY/REHAB,21098.73
"640 - MISC DISORDERS OF NUTRITION,METABOLISM,FLUIDS/ELECTROLYTES W MCC",340001,CAROLINAS HEALTHCARE SYSTEM NORTHEAST,38211.52
"640 - MISC DISORDERS OF NUTRITION,METABOLISM,FLUIDS/ELECTROLYTES W MCC",340021,CAROLINAS HEALTHCARE SYSTEM CLEVELAND,24043.17
"640 - MISC DISORDERS OF NUTRITION,METABOLISM,FLUIDS/ELECTROLYTES W MCC",340098,CAROLINAS HEALTHCARE SYSTEM PINEVILLE,26345.61
"640 - MISC DISORDERS OF NUTRITION,METABOLISM,FLUIDS/ELECTROLYTES W MCC",340113,CAROLINAS MEDICAL CENTER/BEHAV HEALTH/MERCY/REHAB,33772.88
"640 - MISC DISORDERS OF NUTRITION,METABOLISM,FLUIDS/ELECTROLYTES W MCC",340130,CAROLINAS HEALTHCARE SYSTEM UNION,27286.9
"640 - MISC DISORDERS OF NUTRITION,METABOLISM,FLUIDS/ELECTROLYTES W MCC",340145,CAROLINAS HEALTHCARE SYSTEM LINCOLN,37138.94
"640 - MISC DISORDERS OF NUTRITION,METABOLISM,FLUIDS/ELECTROLYTES W MCC",340166,CAROLINAS MED CTR-UNIVERSITY,28013.96
"641 - MISC DISORDERS OF NUTRITION,METABOLISM,FLUIDS/ELECTROLYTES W/O MCC",340001,CAROLINAS HEALTHCARE SYSTEM NORTHEAST,21359.72
"641 - MISC DISORDERS OF NUTRITION,METABOLISM,FLUIDS/ELECTROLYTES W/O MCC",340021,CAROLINAS HEALTHCARE SYSTEM CLEVELAND,23187.62
"641 - MISC DISORDERS OF NUTRITION,METABOLISM,FLUIDS/ELECTROLYTES W/O MCC",340098,CAROLINAS HEALTHCARE SYSTEM PINEVILLE,22018.14
"641 - MISC DISORDERS OF NUTRITION,METABOLISM,FLUIDS/ELECTROLYTES W/O MCC",340113,CAROLINAS MEDICAL CENTER/BEHAV HEALTH/MERCY/REHAB,18590.61
"641 - MISC DISORDERS OF NUTRITION,METABOLISM,FLUIDS/ELECTROLYTES W/O MCC",340119,CAROLINAS HEALTHCARE SYSTEM STANLY,17914.45
"641 - MISC DISORDERS OF NUTRITION,METABOLISM,FLUIDS/ELECTROLYTES W/O MCC",340130,CAROLINAS HEALTHCARE SYSTEM UNION,21381.93
"641 - MISC DISORDERS OF NUTRITION,METABOLISM,FLUIDS/ELECTROLYTES W/O MCC",340145,CAROLINAS HEALTHCARE SYSTEM LINCOLN,22090.32
"641 - MISC DISORDERS OF NUTRITION,METABOLISM,FLUIDS/ELECTROLYTES W/O MCC",340166,CAROLINAS MED CTR-UNIVERSITY,20703.68
643 - ENDOCRINE DISORDERS W MCC,340001,CAROLINAS HEALTHCARE SYSTEM NORTHEAST,46538.31
643 - ENDOCRINE DISORDERS W MCC,340098,CAROLINAS HEALTHCARE SYSTEM PINEVILLE,36722.56
644 - ENDOCRINE DISORDERS W CC,340001,CAROLINAS HEALTHCARE SYSTEM NORTHEAST,28769.55
644 - ENDOCRINE DISORDERS W CC,340113,CAROLINAS MEDICAL CENTER/BEHAV HEALTH/MERCY/REHAB,25820.35
652 - KIDNEY TRANSPLANT,340113,CAROLINAS MEDICAL CENTER/BEHAV HEALTH/MERCY/REHAB,161855.73
653 - MAJOR BLADDER PROCEDURES W MCC,340113,CAROLINAS MEDICAL CENTER/BEHAV HEALTH/MERCY/REHAB,170988.13
654 - MAJOR BLADDER PROCEDURES W CC,340113,CAROLINAS MEDICAL CENTER/BEHAV HEALTH/MERCY/REHAB,131739.37
656 - KIDNEY & URETER PROCEDURES FOR NEOPLASM W MCC,340113,CAROLINAS MEDICAL CENTER/BEHAV HEALTH/MERCY/REHAB,115747.25
657 - KIDNEY & URETER PROCEDURES FOR NEOPLASM W CC,340113,CAROLINAS MEDICAL CENTER/BEHAV HEALTH/MERCY/REHAB,75867.4
658 - KIDNEY & URETER PROCEDURES FOR NEOPLASM W/O CC/MCC,340113,CAROLINAS MEDICAL CENTER/BEHAV HEALTH/MERCY/REHAB,69335.17
659 - KIDNEY & URETER PROCEDURES FOR NON-NEOPLASM W MCC,340113,CAROLINAS MEDICAL CENTER/BEHAV HEALTH/MERCY/REHAB,83006.06
660 - KIDNEY & URETER PROCEDURES FOR NON-NEOPLASM W CC,340113,CAROLINAS MEDICAL CENTER/BEHAV HEALTH/MERCY/REHAB,62536.35
673 - OTHER KIDNEY & URINARY TRACT PROCEDURES W MCC,340113,CAROLINAS MEDICAL CENTER/BEHAV HEALTH/MERCY/REHAB,90325.94
674 - OTHER KIDNEY & URINARY TRACT PROCEDURES W CC,340113,CAROLINAS MEDICAL CENTER/BEHAV HEALTH/MERCY/REHAB,58381.27
682 - RENAL FAILURE W MCC,340001,CAROLINAS HEALTHCARE SYSTEM NORTHEAST,34860.05
682 - RENAL FAILURE W MCC,340021,CAROLINAS HEALTHCARE SYSTEM CLEVELAND,35228.31
682 - RENAL FAILURE W MCC,340037,CAROLINAS HEALTHCARE SYSTEM KINGS MOUNTAIN,31347.45
682 - RENAL FAILURE W MCC,340098,CAROLINAS HEALTHCARE SYSTEM PINEVILLE,38412.88
682 - RENAL FAILURE W MCC,340113,CAROLINAS MEDICAL CENTER/BEHAV HEALTH/MERCY/REHAB,38172.95
682 - RENAL FAILURE W MCC,340119,CAROLINAS HEALTHCARE SYSTEM STANLY,22435.2
682 - RENAL FAILURE W MCC,340130,CAROLINAS HEALTHCARE SYSTEM UNION,25835.23
682 - RENAL FAILURE W MCC,340145,CAROLINAS HEALTHCARE SYSTEM LINCOLN,39871.3
682 - RENAL FAILURE W MCC,340166,CAROLINAS MED CTR-UNIVERSITY,32898.84
683 - RENAL FAILURE W CC,340001,CAROLINAS HEALTHCARE SYSTEM NORTHEAST,23559.49
683 - RENAL FAILURE W CC,340021,CAROLINAS HEALTHCARE SYSTEM CLEVELAND,26638.03
683 - RENAL FAILURE W CC,340037,CAROLINAS HEALTHCARE SYSTEM KINGS MOUNTAIN,18336.61
683 - RENAL FAILURE W CC,340098,CAROLINAS HEALTHCARE SYSTEM PINEVILLE,25049.35
683 - RENAL FAILURE W CC,340113,CAROLINAS MEDICAL CENTER/BEHAV HEALTH/MERCY/REHAB,24101.01
683 - RENAL FAILURE W CC,340119,CAROLINAS HEALTHCARE SYSTEM STANLY,17309.75
683 - RENAL FAILURE W CC,340130,CAROLINAS HEALTHCARE SYSTEM UNION,26512.5
683 - RENAL FAILURE W CC,340145,CAROLINAS HEALTHCARE SYSTEM LINCOLN,25038.45
683 - RENAL FAILURE W CC,340166,CAROLINAS MED CTR-UNIVERSITY,24237.74
684 - RENAL FAILURE W/O CC/MCC,340001,CAROLINAS HEALTHCARE SYSTEM NORTHEAST,15653.5
684 - RENAL FAILURE W/O CC/MCC,340021,CAROLINAS HEALTHCARE SYSTEM CLEVELAND,19844
684 - RENAL FAILURE W/O CC/MCC,340098,CAROLINAS HEALTHCARE SYSTEM PINEVILLE,17697.11
684 - RENAL FAILURE W/O CC/MCC,340113,CAROLINAS MEDICAL CENTER/BEHAV HEALTH/MERCY/REHAB,14633.82
684 - RENAL FAILURE W/O CC/MCC,340130,CAROLINAS HEALTHCARE SYSTEM UNION,17058.79
689 - KIDNEY & URINARY TRACT INFECTIONS W MCC,340001,CAROLINAS HEALTHCARE SYSTEM NORTHEAST,22775.46
689 - KIDNEY & URINARY TRACT INFECTIONS W MCC,340021,CAROLINAS HEALTHCARE SYSTEM CLEVELAND,25753.8
689 - KIDNEY & URINARY TRACT INFECTIONS W MCC,340037,CAROLINAS HEALTHCARE SYSTEM KINGS MOUNTAIN,21108.69
689 - KIDNEY & URINARY TRACT INFECTIONS W MCC,340098,CAROLINAS HEALTHCARE SYSTEM PINEVILLE,24596.06
689 - KIDNEY & URINARY TRACT INFECTIONS W MCC,340113,CAROLINAS MEDICAL CENTER/BEHAV HEALTH/MERCY/REHAB,25001.76
689 - KIDNEY & URINARY TRACT INFECTIONS W MCC,340119,CAROLINAS HEALTHCARE SYSTEM STANLY,19915.63
689 - KIDNEY & URINARY TRACT INFECTIONS W MCC,340130,CAROLINAS HEALTHCARE SYSTEM UNION,21594.76
689 - KIDNEY & URINARY TRACT INFECTIONS W MCC,340145,CAROLINAS HEALTHCARE SYSTEM LINCOLN,21933.5
689 - KIDNEY & URINARY TRACT INFECTIONS W MCC,340166,CAROLINAS MED CTR-UNIVERSITY,18479.09
690 - KIDNEY & URINARY TRACT INFECTIONS W/O MCC,340001,CAROLINAS HEALTHCARE SYSTEM NORTHEAST,20913.18
690 - KIDNEY & URINARY TRACT INFECTIONS W/O MCC,340021,CAROLINAS HEALTHCARE SYSTEM CLEVELAND,21048.82
690 - KIDNEY & URINARY TRACT INFECTIONS W/O MCC,340037,CAROLINAS HEALTHCARE SYSTEM KINGS MOUNTAIN,20336.94
690 - KIDNEY & URINARY TRACT INFECTIONS W/O MCC,340098,CAROLINAS HEALTHCARE SYSTEM PINEVILLE,21449.15
690 - KIDNEY & URINARY TRACT INFECTIONS W/O MCC,340113,CAROLINAS MEDICAL CENTER/BEHAV HEALTH/MERCY/REHAB,20819.37
690 - KIDNEY & URINARY TRACT INFECTIONS W/O MCC,340119,CAROLINAS HEALTHCARE SYSTEM STANLY,17046.17
690 - KIDNEY & URINARY TRACT INFECTIONS W/O MCC,340130,CAROLINAS HEALTHCARE SYSTEM UNION,21058.52
690 - KIDNEY & URINARY TRACT INFECTIONS W/O MCC,340145,CAROLINAS HEALTHCARE SYSTEM LINCOLN,20918.77
690 - KIDNEY & URINARY TRACT INFECTIONS W/O MCC,340166,CAROLINAS MED CTR-UNIVERSITY,20857.25
694 - URINARY STONES W/O ESW LITHOTRIPSY W/O MCC,340113,CAROLINAS MEDICAL CENTER/BEHAV HEALTH/MERCY/REHAB,31237.69
698 - OTHER KIDNEY & URINARY TRACT DIAGNOSES W MCC,340001,CAROLINAS HEALTHCARE SYSTEM NORTHEAST,32189.55
698 - OTHER KIDNEY & URINARY TRACT DIAGNOSES W MCC,340021,CAROLINAS HEALTHCARE SYSTEM CLEVELAND,31917
698 - OTHER KIDNEY & URINARY TRACT DIAGNOSES W MCC,340098,CAROLINAS HEALTHCARE SYSTEM PINEVILLE,36998.86
698 - OTHER KIDNEY & URINARY TRACT DIAGNOSES W MCC,340113,CAROLINAS MEDICAL CENTER/BEHAV HEALTH/MERCY/REHAB,46718.44
698 - OTHER KIDNEY & URINARY TRACT DIAGNOSES W MCC,340130,CAROLINAS HEALTHCARE SYSTEM UNION,26902.78
698 - OTHER KIDNEY & URINARY TRACT DIAGNOSES W MCC,340145,CAROLINAS HEALTHCARE SYSTEM LINCOLN,37144.44
698 - OTHER KIDNEY & URINARY TRACT DIAGNOSES W MCC,340166,CAROLINAS MED CTR-UNIVERSITY,43087.36
699 - OTHER KIDNEY & URINARY TRACT DIAGNOSES W CC,340001,CAROLINAS HEALTHCARE SYSTEM NORTHEAST,25490.95
699 - OTHER KIDNEY & URINARY TRACT DIAGNOSES W CC,340098,CAROLINAS HEALTHCARE SYSTEM PINEVILLE,20712.5
699 - OTHER KIDNEY & URINARY TRACT DIAGNOSES W CC,340113,CAROLINAS MEDICAL CENTER/BEHAV HEALTH/MERCY/REHAB,27309.38
707 - MAJOR MALE PELVIC PROCEDURES W CC/MCC,340113,CAROLINAS MEDICAL CENTER/BEHAV HEALTH/MERCY/REHAB,98701.09
708 - MAJOR MALE PELVIC PROCEDURES W/O CC/MCC,340098,CAROLINAS HEALTHCARE SYSTEM PINEVILLE,60994.59
708 - MAJOR MALE PELVIC PROCEDURES W/O CC/MCC,340113,CAROLINAS MEDICAL CENTER/BEHAV HEALTH/MERCY/REHAB,72712.04
737 - UTERINE & ADNEXA PROC FOR OVARIAN OR ADNEXAL MALIGNANCY W CC,340113,CAROLINAS MEDICAL CENTER/BEHAV HEALTH/MERCY/REHAB,65161.56
743 - UTERINE & ADNEXA PROC FOR NON-MALIGNANCY W/O CC/MCC,340113,CAROLINAS MEDICAL CENTER/BEHAV HEALTH/MERCY/REHAB,43332.15
808 - MAJOR HEMATOL/IMMUN DIAG EXC SICKLE CELL CRISIS & COAGUL W MCC,340113,CAROLINAS MEDICAL CENTER/BEHAV HEALTH/MERCY/REHAB,72389.58
809 - MAJOR HEMATOL/IMMUN DIAG EXC SICKLE CELL CRISIS & COAGUL W CC,340113,CAROLINAS MEDICAL CENTER/BEHAV HEALTH/MERCY/REHAB,33167.5
811 - RED BLOOD CELL DISORDERS W MCC,340001,CAROLINAS HEALTHCARE SYSTEM NORTHEAST,34649.35
811 - RED BLOOD CELL DISORDERS W MCC,340098,CAROLINAS HEALTHCARE SYSTEM PINEVILLE,36740.94
811 - RED BLOOD CELL DISORDERS W MCC,340113,CAROLINAS MEDICAL CENTER/BEHAV HEALTH/MERCY/REHAB,40473.12
812 - RED BLOOD CELL DISORDERS W/O MCC,340001,CAROLINAS HEALTHCARE SYSTEM NORTHEAST,23924.88
812 - RED BLOOD CELL DISORDERS W/O MCC,340021,CAROLINAS HEALTHCARE SYSTEM CLEVELAND,24542
812 - RED BLOOD CELL DISORDERS W/O MCC,340098,CAROLINAS HEALTHCARE SYSTEM PINEVILLE,22995.62
812 - RED BLOOD CELL DISORDERS W/O MCC,340113,CAROLINAS MEDICAL CENTER/BEHAV HEALTH/MERCY/REHAB,25922.97
812 - RED BLOOD CELL DISORDERS W/O MCC,340130,CAROLINAS HEALTHCARE SYSTEM UNION,22861.27
812 - RED BLOOD CELL DISORDERS W/O MCC,340145,CAROLINAS HEALTHCARE SYSTEM LINCOLN,25289.88
812 - RED BLOOD CELL DISORDERS W/O MCC,340166,CAROLINAS MED CTR-UNIVERSITY,18955.26
813 - COAGULATION DISORDERS,340113,CAROLINAS MEDICAL CENTER/BEHAV HEALTH/MERCY/REHAB,96962
834 - ACUTE LEUKEMIA W/O MAJOR O.R. PROCEDURE W MCC,340113,CAROLINAS MEDICAL CENTER/BEHAV HEALTH/MERCY/REHAB,296168.11
840 - LYMPHOMA & NON-ACUTE LEUKEMIA W MCC,340113,CAROLINAS MEDICAL CENTER/BEHAV HEALTH/MERCY/REHAB,92327.3
841 - LYMPHOMA & NON-ACUTE LEUKEMIA W CC,340113,CAROLINAS MEDICAL CENTER/BEHAV HEALTH/MERCY/REHAB,52840.36
846 - CHEMOTHERAPY W/O ACUTE LEUKEMIA AS SECONDARY DIAGNOSIS W MCC,340113,CAROLINAS MEDICAL CENTER/BEHAV HEALTH/MERCY/REHAB,55748.18
847 - CHEMOTHERAPY W/O ACUTE LEUKEMIA AS SECONDARY DIAGNOSIS W CC,340001,CAROLINAS HEALTHCARE SYSTEM NORTHEAST,38054.25
847 - CHEMOTHERAPY W/O ACUTE LEUKEMIA AS SECONDARY DIAGNOSIS W CC,340113,CAROLINAS MEDICAL CENTER/BEHAV HEALTH/MERCY/REHAB,42826.17
853 - INFECTIOUS & PARASITIC DISEASES W O.R. PROCEDURE W MCC,340001,CAROLINAS HEALTHCARE SYSTEM NORTHEAST,97703.48
853 - INFECTIOUS & PARASITIC DISEASES W O.R. PROCEDURE W MCC,340021,CAROLINAS HEALTHCARE SYSTEM CLEVELAND,127106.27
853 - INFECTIOUS & PARASITIC DISEASES W O.R. PROCEDURE W MCC,340098,CAROLINAS HEALTHCARE SYSTEM PINEVILLE,128688.34
853 - INFECTIOUS & PARASITIC DISEASES W O.R. PROCEDURE W MCC,340113,CAROLINAS MEDICAL CENTER/BEHAV HEALTH/MERCY/REHAB,120715.99
853 - INFECTIOUS & PARASITIC DISEASES W O.R. PROCEDURE W MCC,340119,CAROLINAS HEALTHCARE SYSTEM STANLY,102589.82
853 - INFECTIOUS & PARASITIC DISEASES W O.R. PROCEDURE W MCC,340130,CAROLINAS HEALTHCARE SYSTEM UNION,101647.94
853 - INFECTIOUS & PARASITIC DISEASES W O.R. PROCEDURE W MCC,340145,CAROLINAS HEALTHCARE SYSTEM LINCOLN,93145.36
854 - INFECTIOUS & PARASITIC DISEASES W O.R. PROCEDURE W CC,340001,CAROLINAS HEALTHCARE SYSTEM NORTHEAST,69118.58
854 - INFECTIOUS & PARASITIC DISEASES W O.R. PROCEDURE W CC,340113,CAROLINAS MEDICAL CENTER/BEHAV HEALTH/MERCY/REHAB,69191.16
856 - POSTOPERATIVE OR POST-TRAUMATIC INFECTIONS W O.R. PROC W MCC,340113,CAROLINAS MEDICAL CENTER/BEHAV HEALTH/MERCY/REHAB,118417.78
857 - POSTOPERATIVE OR POST-TRAUMATIC INFECTIONS W O.R. PROC W CC,340113,CAROLINAS MEDICAL CENTER/BEHAV HEALTH/MERCY/REHAB,53312.34
863 - POSTOPERATIVE & POST-TRAUMATIC INFECTIONS W/O MCC,340113,CAROLINAS MEDICAL CENTER/BEHAV HEALTH/MERCY/REHAB,20046.86
864 - FEVER,340113,CAROLINAS MEDICAL CENTER/BEHAV HEALTH/MERCY/REHAB,23900.76
866 - VIRAL ILLNESS W/O MCC,340113,CAROLINAS MEDICAL CENTER/BEHAV HEALTH/MERCY/REHAB,24983.18
870 - SEPTICEMIA OR SEVERE SEPSIS W MV >96 HOURS,340001,CAROLINAS HEALTHCARE SYSTEM NORTHEAST,121770.2
870 - SEPTICEMIA OR SEVERE SEPSIS W MV >96 HOURS,340021,CAROLINAS HEALTHCARE SYSTEM CLEVELAND,126029.08
870 - SEPTICEMIA OR SEVERE SEPSIS W MV >96 HOURS,340098,CAROLINAS HEALTHCARE SYSTEM PINEVILLE,136183
870 - SEPTICEMIA OR SEVERE SEPSIS W MV >96 HOURS,340113,CAROLINAS MEDICAL CENTER/BEHAV HEALTH/MERCY/REHAB,111392.62
870 - SEPTICEMIA OR SEVERE SEPSIS W MV >96 HOURS,340130,CAROLINAS HEALTHCARE SYSTEM UNION,106106.64
871 - SEPTICEMIA OR SEVERE SEPSIS W/O MV >96 HOURS W MCC,340001,CAROLINAS HEALTHCARE SYSTEM NORTHEAST,43849.32
871 - SEPTICEMIA OR SEVERE SEPSIS W/O MV >96 HOURS W MCC,340021,CAROLINAS HEALTHCARE SYSTEM CLEVELAND,41961.1
871 - SEPTICEMIA OR SEVERE SEPSIS W/O MV >96 HOURS W MCC,340037,CAROLINAS HEALTHCARE SYSTEM KINGS MOUNTAIN,37143.09
871 - SEPTICEMIA OR SEVERE SEPSIS W/O MV >96 HOURS W MCC,340098,CAROLINAS HEALTHCARE SYSTEM PINEVILLE,47122.87
871 - SEPTICEMIA OR SEVERE SEPSIS W/O MV >96 HOURS W MCC,340113,CAROLINAS MEDICAL CENTER/BEHAV HEALTH/MERCY/REHAB,50621.73
871 - SEPTICEMIA OR SEVERE SEPSIS W/O MV >96 HOURS W MCC,340119,CAROLINAS HEALTHCARE SYSTEM STANLY,34352.89
871 - SEPTICEMIA OR SEVERE SEPSIS W/O MV >96 HOURS W MCC,340130,CAROLINAS HEALTHCARE SYSTEM UNION,35939.96
871 - SEPTICEMIA OR SEVERE SEPSIS W/O MV >96 HOURS W MCC,340145,CAROLINAS HEALTHCARE SYSTEM LINCOLN,44115.91
871 - SEPTICEMIA OR SEVERE SEPSIS W/O MV >96 HOURS W MCC,340166,CAROLINAS MED CTR-UNIVERSITY,40584.95
872 - SEPTICEMIA OR SEVERE SEPSIS W/O MV >96 HOURS W/O MCC,340001,CAROLINAS HEALTHCARE SYSTEM NORTHEAST,26205.71
872 - SEPTICEMIA OR SEVERE SEPSIS W/O MV >96 HOURS W/O MCC,340021,CAROLINAS HEALTHCARE SYSTEM CLEVELAND,27231.23
872 - SEPTICEMIA OR SEVERE SEPSIS W/O MV >96 HOURS W/O MCC,340037,CAROLINAS HEALTHCARE SYSTEM KINGS MOUNTAIN,24848
872 - SEPTICEMIA OR SEVERE SEPSIS W/O MV >96 HOURS W/O MCC,340098,CAROLINAS HEALTHCARE SYSTEM PINEVILLE,29217.49
872 - SEPTICEMIA OR SEVERE SEPSIS W/O MV >96 HOURS W/O MCC,340113,CAROLINAS MEDICAL CENTER/BEHAV HEALTH/MERCY/REHAB,30112.28
872 - SEPTICEMIA OR SEVERE SEPSIS W/O MV >96 HOURS W/O MCC,340119,CAROLINAS HEALTHCARE SYSTEM STANLY,23102.55
872 - SEPTICEMIA OR SEVERE SEPSIS W/O MV >96 HOURS W/O MCC,340130,CAROLINAS HEALTHCARE SYSTEM UNION,28538.25
872 - SEPTICEMIA OR SEVERE SEPSIS W/O MV >96 HOURS W/O MCC,340145,CAROLINAS HEALTHCARE SYSTEM LINCOLN,32527
872 - SEPTICEMIA OR SEVERE SEPSIS W/O MV >96 HOURS W/O MCC,340166,CAROLINAS MED CTR-UNIVERSITY,30155
884 - ORGANIC DISTURBANCES & INTELLECTUAL DISABILITY,340001,CAROLINAS HEALTHCARE SYSTEM NORTHEAST,26075.33
884 - ORGANIC DISTURBANCES & INTELLECTUAL DISABILITY,340113,CAROLINAS MEDICAL CENTER/BEHAV HEALTH/MERCY/REHAB,28562
885 - PSYCHOSES,340113,CAROLINAS MEDICAL CENTER/BEHAV HEALTH/MERCY/REHAB,28861.1
"894 - ALCOHOL/DRUG ABUSE OR DEPENDENCE, LEFT AMA",340113,CAROLINAS MEDICAL CENTER/BEHAV HEALTH/MERCY/REHAB,15930.77
896 - ALCOHOL/DRUG ABUSE OR DEPENDENCE W/O REHABILITATION THERAPY W MCC,340098,CAROLINAS HEALTHCARE SYSTEM PINEVILLE,46269.23
896 - ALCOHOL/DRUG ABUSE OR DEPENDENCE W/O REHABILITATION THERAPY W MCC,340113,CAROLINAS MEDICAL CENTER/BEHAV HEALTH/MERCY/REHAB,24675.52
897 - ALCOHOL/DRUG ABUSE OR DEPENDENCE W/O REHABILITATION THERAPY W/O MCC,340113,CAROLINAS MEDICAL CENTER/BEHAV HEALTH/MERCY/REHAB,14569.04
907 - OTHER O.R. PROCEDURES FOR INJURIES W MCC,340113,CAROLINAS MEDICAL CENTER/BEHAV HEALTH/MERCY/REHAB,119788.28
908 - OTHER O.R. PROCEDURES FOR INJURIES W CC,340113,CAROLINAS MEDICAL CENTER/BEHAV HEALTH/MERCY/REHAB,63344.45
909 - OTHER O.R. PROCEDURES FOR INJURIES W/O CC/MCC,340113,CAROLINAS MEDICAL CENTER/BEHAV HEALTH/MERCY/REHAB,52580.5
917 - POISONING & TOXIC EFFECTS OF DRUGS W MCC,340001,CAROLINAS HEALTHCARE SYSTEM NORTHEAST,38197.21
917 - POISONING & TOXIC EFFECTS OF DRUGS W MCC,340021,CAROLINAS HEALTHCARE SYSTEM CLEVELAND,33636.96
917 - POISONING & TOXIC EFFECTS OF DRUGS W MCC,340098,CAROLINAS HEALTHCARE SYSTEM PINEVILLE,33270.81
917 - POISONING & TOXIC EFFECTS OF DRUGS W MCC,340113,CAROLINAS MEDICAL CENTER/BEHAV HEALTH/MERCY/REHAB,38104.94
917 - POISONING & TOXIC EFFECTS OF DRUGS W MCC,340130,CAROLINAS HEALTHCARE SYSTEM UNION,40203.06
917 - POISONING & TOXIC EFFECTS OF DRUGS W MCC,340145,CAROLINAS HEALTHCARE SYSTEM LINCOLN,39088.83
917 - POISONING & TOXIC EFFECTS OF DRUGS W MCC,340166,CAROLINAS MED CTR-UNIVERSITY,44199.94
918 - POISONING & TOXIC EFFECTS OF DRUGS W/O MCC,340001,CAROLINAS HEALTHCARE SYSTEM NORTHEAST,19743.35
918 - POISONING & TOXIC EFFECTS OF DRUGS W/O MCC,340113,CAROLINAS MEDICAL CENTER/BEHAV HEALTH/MERCY/REHAB,30413.06
919 - COMPLICATIONS OF TREATMENT W MCC,340113,CAROLINAS MEDICAL CENTER/BEHAV HEALTH/MERCY/REHAB,46329
920 - COMPLICATIONS OF TREATMENT W CC,340113,CAROLINAS MEDICAL CENTER/BEHAV HEALTH/MERCY/REHAB,25380.03
940 - O.R. PROC W DIAGNOSES OF OTHER CONTACT W HEALTH SERVICES W CC,340113,CAROLINAS MEDICAL CENTER/BEHAV HEALTH/MERCY/REHAB,76344.64
948 - SIGNS & SYMPTOMS W/O MCC,340001,CAROLINAS HEALTHCARE SYSTEM NORTHEAST,22602.38
948 - SIGNS & SYMPTOMS W/O MCC,340098,CAROLINAS HEALTHCARE SYSTEM PINEVILLE,22855.29
948 - SIGNS & SYMPTOMS W/O MCC,340113,CAROLINAS MEDICAL CENTER/BEHAV HEALTH/MERCY/REHAB,30497.48
"956 - LIMB REATTACHMENT, HIP & FEMUR PROC FOR MULTIPLE SIGNIFICANT TRAUMA",340113,CAROLINAS MEDICAL CENTER/BEHAV HEALTH/MERCY/REHAB,140616.73
958 - OTHER O.R. PROCEDURES FOR MULTIPLE SIGNIFICANT TRAUMA W CC,340113,CAROLINAS MEDICAL CENTER/BEHAV HEALTH/MERCY/REHAB,138473.27
964 - OTHER MULTIPLE SIGNIFICANT TRAUMA W CC,340113,CAROLINAS MEDICAL CENTER/BEHAV HEALTH/MERCY/REHAB,43824.48
974 - HIV W MAJOR RELATED CONDITION W MCC,340113,CAROLINAS MEDICAL CENTER/BEHAV HEALTH/MERCY/REHAB,59863.67
975 - HIV W MAJOR RELATED CONDITION W CC,340113,CAROLINAS MEDICAL CENTER/BEHAV HEALTH/MERCY/REHAB,34334.58
981 - EXTENSIVE O.R. PROCEDURE UNRELATED TO PRINCIPAL DIAGNOSIS W MCC,340001,CAROLINAS HEALTHCARE SYSTEM NORTHEAST,88934.26
981 - EXTENSIVE O.R. PROCEDURE UNRELATED TO PRINCIPAL DIAGNOSIS W MCC,340098,CAROLINAS HEALTHCARE SYSTEM PINEVILLE,98163.85
981 - EXTENSIVE O.R. PROCEDURE UNRELATED TO PRINCIPAL DIAGNOSIS W MCC,340113,CAROLINAS MEDICAL CENTER/BEHAV HEALTH/MERCY/REHAB,91672.29
982 - EXTENSIVE O.R. PROCEDURE UNRELATED TO PRINCIPAL DIAGNOSIS W CC,340001,CAROLINAS HEALTHCARE SYSTEM NORTHEAST,73344.92
982 - EXTENSIVE O.R. PROCEDURE UNRELATED TO PRINCIPAL DIAGNOSIS W CC,340113,CAROLINAS MEDICAL CENTER/BEHAV HEALTH/MERCY/REHAB,69011.14
987 - NON-EXTENSIVE O.R. PROC UNRELATED TO PRINCIPAL DIAGNOSIS W MCC,340001,CAROLINAS HEALTHCARE SYSTEM NORTHEAST,73024.27
987 - NON-EXTENSIVE O.R. PROC UNRELATED TO PRINCIPAL DIAGNOSIS W MCC,340113,CAROLINAS MEDICAL CENTER/BEHAV HEALTH/MERCY/REHAB,101861.43
988 - NON-EXTENSIVE O.R. PROC UNRELATED TO PRINCIPAL DIAGNOSIS W CC,340113,CAROLINAS MEDICAL CENTER/BEHAV HEALTH/MERCY/REHAB,87178.55
