Category,MSDRG,MSDRG Description,Helen Keller Avg. Case,Red Bay Avg. Case
Surgical,3,"ECMO OR TRACH W MV >96 HRS OR PDX EXC FACE, MOUTH & NECK W MAJ O.R.","$297,321.74 ", 
Surgical,4,"TRACH W MV >96 HRS OR PDX EXC FACE, MOUTH & NECK W/O MAJ O.R.","$175,703.66 ", 
Surgical,11,"TRACHEOSTOMY FOR FACE,MOUTH & NECK DIAGNOSES W MCC ", , 
Surgical,12,"TRACHEOSTOMY FOR FACE,MOUTH & NECK DIAGNOSES W CC ", , 
Surgical,13,"TRACHEOSTOMY FOR FACE,MOUTH & NECK DIAGNOSES W/O CC/MCC", , 
Cardiovascular Services,20,INTRACRANIAL VASCULAR PROCEDURES W PDX HEMORRHAGE W MCC, , 
Cardiovascular Services,21,INTRACRANIAL VASCULAR PROCEDURES W PDX HEMORRHAGE W CC, , 
Neurosciences,23,CRANIOTOMY W MAJOR DEVICE IMPLANT OR ACUTE CNS PDX W MCC OR CHEMOTHERAPY IMPLANT OR EPILEPSY W NEUROSTIMULATOR, , 
Neurosciences,24,CRANIO W MAJOR DEV IMPL/ACUTE COMPLEX CNS PDX W/O MCC, , 
Neurosciences,25,CRANIOTOMY & ENDOVASCULAR INTRACRANIAL PROCEDURES W MCC, , 
Neurosciences,26,CRANIOTOMY & ENDOVASCULAR INTRACRANIAL PROCEDURES W CC, , 
Neurosciences,27,CRANIOTOMY & ENDOVASCULAR INTRACRANIAL PROCEDURES W/O CC/MCC, , 
Neurosciences,28,SPINAL PROCEDURES W MCC , , 
Neurosciences,29,SPINAL PROCEDURES W CC OR SPINAL NEUROSTIMULATORS, , 
Neurosciences,30,SPINAL PROCEDURES W/O CC/MCC , , 
Neurosciences,31,VENTRICULAR SHUNT PROCEDURES W MCC, , 
Neurosciences,32,VENTRICULAR SHUNT PROCEDURES W CC, , 
Neurosciences,33,VENTRICULAR SHUNT PROCEDURES W/O CC/MCC, , 
Cardiovascular Services,34,CAROTID ARTERY STENT PROCEDURE W MCC, , 
Cardiovascular Services,35,CAROTID ARTERY STENT PROCEDURE W CC, , 
Cardiovascular Services,36,CAROTID ARTERY STENT PROCEDURE W/O CC/MCC, , 
Cardiovascular Services,37,EXTRACRANIAL PROCEDURES W MCC, , 
Cardiovascular Services,38,EXTRACRANIAL PROCEDURES W CC, , 
Cardiovascular Services,39,EXTRACRANIAL PROCEDURES W/O CC/MCC, , 
Neurosciences,40,PERIPH/CRANIAL NERVE & OTHER NERV SYST PROC W MCC, , 
Neurosciences,41,PERIPH/CRANIAL NERVE & OTHER NERV SYST PROC W CC OR PERIPH NEUROSTIM, , 
Neurosciences,42,PERIPH/CRANIAL NERVE & OTHER NERV SYST PROC W/O CC/MCC, , 
Neurosciences,52,SPINAL DISORDERS & INJURIES W CC/MCC, , 
Neurosciences,53,SPINAL DISORDERS & INJURIES W/O CC/MCC, , 
Oncology,54,NERVOUS SYSTEM NEOPLASMS W MCC, , 
Oncology,55,NERVOUS SYSTEM NEOPLASMS W/O MCC, , 
Neurosciences,56,DEGENERATIVE NERVOUS SYSTEM DISORDERS W MCC, , 
Neurosciences,57,DEGENERATIVE NERVOUS SYSTEM DISORDERS W/O MCC, , 
Neurosciences,58,MULTIPLE SCLEROSIS & CEREBELLAR ATAXIA W MCC, , 
Neurosciences,59,MULTIPLE SCLEROSIS & CEREBELLAR ATAXIA W CC, , 
Neurosciences,60,MULTIPLE SCLEROSIS & CEREBELLAR ATAXIA W/O CC/MCC, , 
Neurosciences,61,"ISCHEMIC STROKE, PRECEREBRAL OCCLUSION OR TRANSIENT ISCHEMIA W THROMBOLYTIC AGENT W MCC", , 
Neurosciences,62,"ISCHEMIC STROKE, PRECEREBRAL OCCLUSION OR TRANSIENT ISCHEMIA W THROMBOLYTIC AGENT W CC", , 
Neurosciences,64,INTRACRANIAL HEMORRHAGE OR CEREBRAL INFARCTION W MCC, , 
Neurosciences,65,INTRACRANIAL HEMORRHAGE OR CEREBRAL INFARCTION W CC OR TPA IN 24 HRS, , 
Neurosciences,66,INTRACRANIAL HEMORRHAGE OR CEREBRAL INFARCTION W/O CC/MCC, , 
Neurosciences,67,NONSPECIFIC CVA & PRECEREBRAL OCCLUSION W/O INFARCT W MCC, , 
Neurosciences,68,NONSPECIFIC CVA & PRECEREBRAL OCCLUSION W/O INFARCT W/O MCC, , 
Neurosciences,69,TRANSIENT ISCHEMIA W/O THROMBOLYTIC, , 
Neurosciences,70,NONSPECIFIC CEREBROVASCULAR DISORDERS W MCC, , 
Neurosciences,71,NONSPECIFIC CEREBROVASCULAR DISORDERS W CC, , 
Neurosciences,72,NONSPECIFIC CEREBROVASCULAR DISORDERS W/O CC/MCC, , 
Neurosciences,73,CRANIAL & PERIPHERAL NERVE DISORDERS W MCC, , 
Neurosciences,74,CRANIAL & PERIPHERAL NERVE DISORDERS W/O MCC, , 
Neurosciences,75,VIRAL MENINGITIS W CC/MCC, , 
Neurosciences,76,VIRAL MENINGITIS W/O CC/MCC, , 
Neurosciences,77,HYPERTENSIVE ENCEPHALOPATHY W MCC, , 
Neurosciences,78,HYPERTENSIVE ENCEPHALOPATHY W CC, , 
Neurosciences,79,HYPERTENSIVE ENCEPHALOPATHY W/O CC/MCC, , 
Neurosciences,80,NONTRAUMATIC STUPOR & COMA W MCC, , 
Neurosciences,81,NONTRAUMATIC STUPOR & COMA W/O MCC, , 
Neurosciences,82,"TRAUMATIC STUPOR & COMA, COMA >1 HR W MCC", , 
Neurosciences,83,"TRAUMATIC STUPOR & COMA, COMA >1 HR W CC", , 
Neurosciences,84,"TRAUMATIC STUPOR & COMA, COMA >1 HR W/O CC/MCC", , 
Neurosciences,85,"TRAUMATIC STUPOR & COMA, COMA <1 HR W MCC", , 
Neurosciences,86,"TRAUMATIC STUPOR & COMA, COMA <1 HR W CC", , 
Neurosciences,87,"TRAUMATIC STUPOR & COMA, COMA <1 HR W/O CC/MCC", , 
Neurosciences,88,CONCUSSION W MCC, , 
Neurosciences,89,CONCUSSION W CC, , 
Neurosciences,90,CONCUSSION W/O CC/MCC, , 
Neurosciences,91,OTHER DISORDERS OF NERVOUS SYSTEM W MCC, , 
Neurosciences,92,OTHER DISORDERS OF NERVOUS SYSTEM W CC, , 
Neurosciences,93,OTHER DISORDERS OF NERVOUS SYSTEM W/O CC/MCC, , 
Neurosciences,94,BACTERIAL & TUBERCULOUS INFECTIONS OF NERVOUS SYSTEM W MCC, , 
Neurosciences,95,BACTERIAL & TUBERCULOUS INFECTIONS OF NERVOUS SYSTEM W CC, , 
Neurosciences,96,BACTERIAL & TUBERCULOUS INFECTIONS OF NERVOUS SYSTEM W/O CC/MCC, , 
Neurosciences,97,NON-BACTERIAL INFECT OF NERVOUS SYS EXC VIRAL MENINGITIS W MCC, , 
Neurosciences,98,NON-BACTERIAL INFECT OF NERVOUS SYS EXC VIRAL MENINGITIS W CC, , 
Neurosciences,99,NON-BACTERIAL INFECT OF NERVOUS SYS EXC VIRAL MENINGITIS W/O CC/MCC, , 
Neurosciences,100,SEIZURES W MCC,"$39,042.12 ", 
Neurosciences,101,SEIZURES W/O MCC,"$16,648.08 ","$23,315.83 "
Neurosciences,102,HEADACHES W MCC, , 
Neurosciences,103,HEADACHES W/O MCC,"$18,498.47 ", 
Surgical,113,ORBITAL PROCEDURES W CC/MCC, , 
Surgical,114,ORBITAL PROCEDURES W/O CC/MCC, , 
Surgical,115,EXTRAOCULAR PROCEDURES EXCEPT ORBIT, , 
Surgical,116,INTRAOCULAR PROCEDURES W CC/MCC, , 
Surgical,117,INTRAOCULAR PROCEDURES W/O CC/MCC, , 
Surgical,121,ACUTE MAJOR EYE INFECTIONS W CC/MCC, , 
Surgical,122,ACUTE MAJOR EYE INFECTIONS W/O CC/MCC, , 
Surgical,123,NEUROLOGICAL EYE DISORDERS, , 
Surgical,124,OTHER DISORDERS OF THE EYE W MCC, , 
Surgical,125,OTHER DISORDERS OF THE EYE W/O MCC,"$14,143.64 ", 
Surgical,129,MAJOR HEAD & NECK PROCEDURES W CC/MCC OR MAJOR DEVICE, , 
Surgical,130,MAJOR HEAD & NECK PROCEDURES W/O CC/MCC, , 
Surgical,131,CRANIAL/FACIAL PROCEDURES W CC/MCC, , 
Surgical,132,CRANIAL/FACIAL PROCEDURES W/O CC/MCC,"$17,299.24 ", 
Surgical,133,"OTHER EAR, NOSE, MOUTH & THROAT O.R. PROCEDURES W CC/MCC","$11,618.55 ", 
Surgical,134,"OTHER EAR, NOSE, MOUTH & THROAT O.R. PROCEDURES W/O CC/MCC","$9,899.41 ", 
Surgical,135,SINUS & MASTOID PROCEDURES W CC/MCC, , 
Surgical,137,MOUTH PROCEDURES W CC/MCC, , 
Surgical,138,MOUTH PROCEDURES W/O CC/MCC, , 
Surgical,139,SALIVARY GLAND PROCEDURES, , 
Oncology,146,"EAR, NOSE, MOUTH & THROAT MALIGNANCY W MCC", , 
Oncology,147,"EAR, NOSE, MOUTH & THROAT MALIGNANCY W CC","$17,795.19 ", 
Oncology,148,"EAR, NOSE, MOUTH & THROAT MALIGNANCY W/O CC/MCC", , 
Surgical,149,DYSEQUILIBRIUM,"$13,573.02 ", 
Surgical,151,EPISTAXIS W/O MCC,"$16,435.76 ","$6,020.20 "
Surgical,152,OTITIS MEDIA & URI W MCC,"$20,297.05 ", 
Surgical,153,OTITIS MEDIA & URI W/O MCC,"$7,435.89 ","$9,888.97 "
Surgical,154,"OTHER EAR, NOSE, MOUTH & THROAT DIAGNOSES W MCC", ,"$8,940.50 "
Surgical,155,"OTHER EAR, NOSE, MOUTH & THROAT DIAGNOSES W CC","$19,030.97 ", 
Surgical,156,"OTHER EAR, NOSE, MOUTH & THROAT DIAGNOSES W/O CC/MCC","$7,645.36 ","$15,589.50 "
Medical,157,DENTAL & ORAL DISEASES W MCC, , 
Medical,158,DENTAL & ORAL DISEASES W CC,"$10,360.43 ", 
Medical,159,DENTAL & ORAL DISEASES W/O CC/MCC,"$15,781.96 ", 
Cardiovascular Services,163,MAJOR CHEST PROCEDURES W MCC, , 
Cardiovascular Services,164,MAJOR CHEST PROCEDURES W CC,"$52,629.70 ", 
Cardiovascular Services,165,MAJOR CHEST PROCEDURES W/O CC/MCC, , 
Cardiovascular Services,166,OTHER RESP SYSTEM O.R. PROCEDURES W MCC,"$29,724.23 ", 
Cardiovascular Services,167,OTHER RESP SYSTEM O.R. PROCEDURES W CC,"$28,036.90 ", 
Cardiovascular Services,168,OTHER RESP SYSTEM O.R. PROCEDURES W/O CC/MCC,"$46,154.89 ", 
Medical,175,PULMONARY EMBOLISM W MCC,"$33,579.93 ", 
Medical,176,PULMONARY EMBOLISM W/O MCC,"$18,663.67 ","$9,439.65 "
Medical,177,RESPIRATORY INFECTIONS & INFLAMMATIONS W MCC,"$33,796.71 ", 
Medical,178,RESPIRATORY INFECTIONS & INFLAMMATIONS W CC,"$31,814.50 ","$19,308.49 "
Medical,179,RESPIRATORY INFECTIONS & INFLAMMATIONS W/O CC/MCC,"$14,316.81 ", 
Oncology,180,RESPIRATORY NEOPLASMS W MCC,"$19,168.41 ", 
Oncology,181,RESPIRATORY NEOPLASMS W CC,"$18,806.13 ","$5,667.30 "
Oncology,182,RESPIRATORY NEOPLASMS W/O CC/MCC, , 
Cardiovascular Services,183,MAJOR CHEST TRAUMA W MCC,"$43,831.70 ", 
Cardiovascular Services,184,MAJOR CHEST TRAUMA W CC,"$30,055.02 ", 
Cardiovascular Services,185,MAJOR CHEST TRAUMA W/O CC/MCC,"$35,543.65 ", 
Medical,186,PLEURAL EFFUSION W MCC,"$24,792.15 ","$49,866.65 "
Medical,187,PLEURAL EFFUSION W CC,"$18,891.59 ", 
Medical,188,PLEURAL EFFUSION W/O CC/MCC,"$17,869.08 ", 
Medical,189,PULMONARY EDEMA & RESPIRATORY FAILURE,"$23,451.33 ","$14,971.65 "
Medical,190,CHRONIC OBSTRUCTIVE PULMONARY DISEASE W MCC,"$20,094.30 ","$17,371.74 "
Medical,191,CHRONIC OBSTRUCTIVE PULMONARY DISEASE W CC,"$19,154.65 ","$11,522.84 "
Medical,192,CHRONIC OBSTRUCTIVE PULMONARY DISEASE W/O CC/MCC,"$13,213.62 ","$9,649.74 "
Medical,193,SIMPLE PNEUMONIA & PLEURISY W MCC,"$32,539.88 ","$16,676.20 "
Medical,194,SIMPLE PNEUMONIA & PLEURISY W CC,"$16,211.37 ","$21,810.25 "
Medical,195,SIMPLE PNEUMONIA & PLEURISY W/O CC/MCC,"$9,890.90 ","$10,984.81 "
Medical,196,INTERSTITIAL LUNG DISEASE W MCC,"$12,629.50 ", 
Medical,197,INTERSTITIAL LUNG DISEASE W CC, , 
Medical,198,INTERSTITIAL LUNG DISEASE W/O CC/MCC, , 
Medical,199,PNEUMOTHORAX W MCC, , 
Medical,200,PNEUMOTHORAX W CC,"$26,201.77 ","$6,429.65 "
Medical,201,PNEUMOTHORAX W/O CC/MCC,"$17,515.65 ", 
Medical,202,BRONCHITIS & ASTHMA W CC/MCC,"$16,356.91 ","$18,619.38 "
Medical,203,BRONCHITIS & ASTHMA W/O CC/MCC,"$8,297.81 ","$8,053.60 "
Medical,204,RESPIRATORY SIGNS & SYMPTOMS,"$16,804.25 ", 
Medical,205,OTHER RESPIRATORY SYSTEM DIAGNOSES W MCC,"$16,323.64 ", 
Medical,206,OTHER RESPIRATORY SYSTEM DIAGNOSES W/O MCC,"$13,534.31 ", 
Medical,207,RESPIRATORY SYSTEM DIAGNOSIS W VENTILATOR SUPPORT >96 HOURS,"$108,740.49 ", 
Medical,208,RESPIRATORY SYSTEM DIAGNOSIS W VENTILATOR SUPPORT <=96 HOURS,"$46,356.20 ", 
Cardiovascular Services,215,OTHER HEART ASSIST SYSTEM IMPLANT, , 
Cardiovascular Services,216,CARDIAC VALVE & OTH MAJ CARDIOTHORACIC PROC W CARD CATH W MCC, , 
Cardiovascular Services,217,CARDIAC VALVE & OTH MAJ CARDIOTHORACIC PROC W CARD CATH W CC, , 
Cardiovascular Services,218,CARDIAC VALVE & OTH MAJ CARDIOTHORACIC PROC W CARD CATH W/O CC/MCC, , 
Cardiovascular Services,219,CARDIAC VALVE & OTH MAJ CARDIOTHORACIC PROC W/O CARD CATH W MCC, , 
Cardiovascular Services,220,CARDIAC VALVE & OTH MAJ CARDIOTHORACIC PROC W/O CARD CATH W CC, , 
Cardiovascular Services,221,CARDIAC VALVE & OTH MAJ CARDIOTHORACIC PROC W/O CARD CATH W/O CC/MCC, , 
Cardiovascular Services,222,CARDIAC DEFIB IMPLANT W CARDIAC CATH W AMI/HF/SHOCK W MCC, , 
Cardiovascular Services,223,CARDIAC DEFIB IMPLANT W CARDIAC CATH W AMI/HF/SHOCK W/O MCC, , 
Cardiovascular Services,224,CARDIAC DEFIB IMPLANT W CARDIAC CATH W/O AMI/HF/SHOCK W MCC, , 
Cardiovascular Services,225,CARDIAC DEFIB IMPLANT W CARDIAC CATH W/O AMI/HF/SHOCK W/O MCC, , 
Cardiovascular Services,226,CARDIAC DEFIBRILLATOR IMPLANT W/O CARDIAC CATH W MCC, , 
Cardiovascular Services,227,CARDIAC DEFIBRILLATOR IMPLANT W/O CARDIAC CATH W/O MCC, , 
Cardiovascular Services,228,OTHER CARDIOTHORACIC PROCEDURES W MCC, , 
Cardiovascular Services,229,OTHER CARDIOTHORACIC PROCEDURES W/O MCC, , 
Cardiovascular Services,231,CORONARY BYPASS W PTCA W MCC, , 
Cardiovascular Services,232,CORONARY BYPASS W PTCA W/O MCC, , 
Cardiovascular Services,233,CORONARY BYPASS W CARDIAC CATH W MCC, , 
Cardiovascular Services,234,CORONARY BYPASS W CARDIAC CATH W/O MCC, , 
Cardiovascular Services,235,CORONARY BYPASS W/O CARDIAC CATH W MCC, , 
Cardiovascular Services,236,CORONARY BYPASS W/O CARDIAC CATH W/O MCC, , 
Cardiovascular Services,239,AMPUTATION FOR CIRC SYS DISORDERS EXC UPPER LIMB & TOE W MCC,"$40,755.59 ", 
Cardiovascular Services,240,AMPUTATION FOR CIRC SYS DISORDERS EXC UPPER LIMB & TOE W CC,"$21,551.63 ", 
Cardiovascular Services,241,AMPUTATION FOR CIRC SYS DISORDERS EXC UPPER LIMB & TOE W/O CC/MCC, , 
Cardiovascular Services,242,PERMANENT CARDIAC PACEMAKER IMPLANT W MCC, , 
Cardiovascular Services,243,PERMANENT CARDIAC PACEMAKER IMPLANT W CC,"$25,882.02 ", 
Cardiovascular Services,244,PERMANENT CARDIAC PACEMAKER IMPLANT W/O CC/MCC,"$31,026.00 ", 
Cardiovascular Services,245,AICD GENERATOR PROCEDURES, , 
Cardiovascular Services,246,PERCUTANEOUS CARDIOVASCULAR PROCEDURES W DRUG-ELUTING STENT W MCC OR 4+ ARTERIES OR STENTS, , 
Cardiovascular Services,247,PERC CARDIOVASC PROC W DRUG-ELUTING STENT W/O MCC, , 
Cardiovascular Services,248,PERCUTANEOUS CARDIOVASCULAR PROCEDURES W NON-DRUG-ELUTING STENT W MCC OR 4+ ARTERIES OR STENTS, , 
Cardiovascular Services,249,PERC CARDIOVASC PROC W NON-DRUG-ELUTING STENT W/O MCC, , 
Cardiovascular Services,250,PERC CARDIOVASC PROC W/O CORONARY ARTERY STENT W MCC, , 
Cardiovascular Services,251,PERC CARDIOVASC PROC W/O CORONARY ARTERY STENT W/O MCC, , 
Cardiovascular Services,252,OTHER VASCULAR PROCEDURES W MCC, , 
Cardiovascular Services,253,OTHER VASCULAR PROCEDURES W CC,"$39,377.40 ", 
Cardiovascular Services,254,OTHER VASCULAR PROCEDURES W/O CC/MCC,"$29,462.73 ", 
Cardiovascular Services,255,UPPER LIMB & TOE AMPUTATION FOR CIRC SYSTEM DISORDERS W MCC, , 
Cardiovascular Services,256,UPPER LIMB & TOE AMPUTATION FOR CIRC SYSTEM DISORDERS W CC,"$45,403.12 ", 
Cardiovascular Services,258,CARDIAC PACEMAKER DEVICE REPLACEMENT W MCC,"$61,217.40 ", 
Cardiovascular Services,259,CARDIAC PACEMAKER DEVICE REPLACEMENT W/O MCC, , 
Cardiovascular Services,260,CARDIAC PACEMAKER REVISION EXCEPT DEVICE REPLACEMENT W MCC,"$32,617.75 ", 
Cardiovascular Services,261,CARDIAC PACEMAKER REVISION EXCEPT DEVICE REPLACEMENT W CC,"$34,651.13 ", 
Cardiovascular Services,262,CARDIAC PACEMAKER REVISION EXCEPT DEVICE REPLACEMENT W/O CC/MCC,"$26,799.34 ", 
Cardiovascular Services,263,VEIN LIGATION & STRIPPING, , 
Cardiovascular Services,264,OTHER CIRCULATORY SYSTEM O.R. PROCEDURES,"$49,072.84 ", 
Cardiovascular Services,265,AICD LEAD PROCEDURES, , 
Cardiovascular Services,280,"ACUTE MYOCARDIAL INFARCTION, DISCHARGED ALIVE W MCC","$28,648.41 ", 
Cardiovascular Services,281,"ACUTE MYOCARDIAL INFARCTION, DISCHARGED ALIVE W CC","$17,493.60 ", 
Cardiovascular Services,282,"ACUTE MYOCARDIAL INFARCTION, DISCHARGED ALIVE W/O CC/MCC","$12,963.80 ","$20,543.70 "
Cardiovascular Services,283,"ACUTE MYOCARDIAL INFARCTION, EXPIRED W MCC","$39,578.49 ", 
Cardiovascular Services,284,"ACUTE MYOCARDIAL INFARCTION, EXPIRED W CC", , 
Cardiovascular Services,285,"ACUTE MYOCARDIAL INFARCTION, EXPIRED W/O CC/MCC", , 
Cardiovascular Services,286,"CIRCULATORY DISORDERS EXCEPT AMI, W CARD CATH W MCC","$22,556.23 ", 
Cardiovascular Services,287,"CIRCULATORY DISORDERS EXCEPT AMI, W CARD CATH W/O MCC","$27,652.51 ", 
Cardiovascular Services,288,ACUTE & SUBACUTE ENDOCARDITIS W MCC, , 
Cardiovascular Services,289,ACUTE & SUBACUTE ENDOCARDITIS W CC, , 
Cardiovascular Services,290,ACUTE & SUBACUTE ENDOCARDITIS W/O CC/MCC, , 
Cardiovascular Services,291,HEART FAILURE & SHOCK W MCC,"$24,018.62 ", 
Cardiovascular Services,292,HEART FAILURE & SHOCK W CC,"$19,601.21 ","$17,555.23 "
Cardiovascular Services,293,HEART FAILURE & SHOCK W/O CC/MCC,"$13,199.11 ","$11,568.21 "
Cardiovascular Services,294,DEEP VEIN THROMBOPHLEBITIS W CC/MCC, , 
Cardiovascular Services,296,"CARDIAC ARREST, UNEXPLAINED W MCC", , 
Cardiovascular Services,297,"CARDIAC ARREST, UNEXPLAINED W CC", , 
Cardiovascular Services,299,PERIPHERAL VASCULAR DISORDERS W MCC,"$21,051.43 ", 
Cardiovascular Services,300,PERIPHERAL VASCULAR DISORDERS W CC,"$18,813.66 ","$17,947.36 "
Cardiovascular Services,301,PERIPHERAL VASCULAR DISORDERS W/O CC/MCC,"$10,775.89 ","$7,041.00 "
Cardiovascular Services,302,ATHEROSCLEROSIS W MCC,"$9,062.49 ", 
Cardiovascular Services,303,ATHEROSCLEROSIS W/O MCC,"$17,603.24 ", 
Cardiovascular Services,304,HYPERTENSION W MCC,"$22,226.33 ", 
Cardiovascular Services,305,HYPERTENSION W/O MCC,"$19,832.56 ","$16,373.28 "
Cardiovascular Services,306,CARDIAC CONGENITAL & VALVULAR DISORDERS W MCC,"$20,306.83 ", 
Cardiovascular Services,307,CARDIAC CONGENITAL & VALVULAR DISORDERS W/O MCC,"$23,224.75 ", 
Cardiovascular Services,308,CARDIAC ARRHYTHMIA & CONDUCTION DISORDERS W MCC,"$23,613.65 ", 
Cardiovascular Services,309,CARDIAC ARRHYTHMIA & CONDUCTION DISORDERS W CC,"$19,506.65 ","$6,475.08 "
Cardiovascular Services,310,CARDIAC ARRHYTHMIA & CONDUCTION DISORDERS W/O CC/MCC,"$16,188.00 ","$18,694.44 "
Cardiovascular Services,311,ANGINA PECTORIS,"$10,969.42 ", 
Cardiovascular Services,312,SYNCOPE & COLLAPSE,"$18,388.09 ","$13,856.65 "
Cardiovascular Services,313,CHEST PAIN,"$19,969.08 ","$8,550.25 "
Cardiovascular Services,314,OTHER CIRCULATORY SYSTEM DIAGNOSES W MCC,"$20,840.64 ", 
Cardiovascular Services,315,OTHER CIRCULATORY SYSTEM DIAGNOSES W CC,"$15,895.52 ","$3,269.00 "
Cardiovascular Services,316,OTHER CIRCULATORY SYSTEM DIAGNOSES W/O CC/MCC,"$12,688.58 ","$10,859.30 "
Surgical,326,"STOMACH, ESOPHAGEAL & DUODENAL PROC W MCC","$44,358.55 ", 
Surgical,327,"STOMACH, ESOPHAGEAL & DUODENAL PROC W CC","$57,538.98 ", 
Surgical,328,"STOMACH, ESOPHAGEAL & DUODENAL PROC W/O CC/MCC","$16,098.70 ", 
Surgical,329,MAJOR SMALL & LARGE BOWEL PROCEDURES W MCC,"$124,171.82 ", 
Surgical,330,MAJOR SMALL & LARGE BOWEL PROCEDURES W CC,"$44,195.84 ", 
Surgical,331,MAJOR SMALL & LARGE BOWEL PROCEDURES W/O CC/MCC,"$30,769.16 ", 
Surgical,333,RECTAL RESECTION W CC, , 
Surgical,334,RECTAL RESECTION W/O CC/MCC, , 
Surgical,335,PERITONEAL ADHESIOLYSIS W MCC, , 
Surgical,336,PERITONEAL ADHESIOLYSIS W CC,"$40,700.83 ", 
Surgical,337,PERITONEAL ADHESIOLYSIS W/O CC/MCC,"$33,294.95 ", 
Surgical,338,APPENDECTOMY W COMPLICATED PRINCIPAL DIAG W MCC,"$149,669.39 ", 
Surgical,339,APPENDECTOMY W COMPLICATED PRINCIPAL DIAG W CC, , 
Surgical,340,APPENDECTOMY W COMPLICATED PRINCIPAL DIAG W/O CC/MCC,"$21,688.78 ", 
Surgical,341,APPENDECTOMY W/O COMPLICATED PRINCIPAL DIAG W MCC,"$59,218.85 ", 
Surgical,342,APPENDECTOMY W/O COMPLICATED PRINCIPAL DIAG W CC,"$24,272.77 ", 
Surgical,343,APPENDECTOMY W/O COMPLICATED PRINCIPAL DIAG W/O CC/MCC,"$18,291.68 ", 
Surgical,344,MINOR SMALL & LARGE BOWEL PROCEDURES W MCC,"$34,160.29 ", 
Surgical,345,MINOR SMALL & LARGE BOWEL PROCEDURES W CC,"$24,840.48 ", 
Surgical,346,MINOR SMALL & LARGE BOWEL PROCEDURES W/O CC/MCC,"$10,690.75 ", 
Surgical,347,ANAL & STOMAL PROCEDURES W MCC, , 
Surgical,348,ANAL & STOMAL PROCEDURES W CC,"$27,784.74 ", 
Surgical,349,ANAL & STOMAL PROCEDURES W/O CC/MCC, , 
Surgical,350,INGUINAL & FEMORAL HERNIA PROCEDURES W MCC,"$32,272.48 ", 
Surgical,351,INGUINAL & FEMORAL HERNIA PROCEDURES W CC, , 
Surgical,352,INGUINAL & FEMORAL HERNIA PROCEDURES W/O CC/MCC,"$10,350.83 ", 
Surgical,353,HERNIA PROCEDURES EXCEPT INGUINAL & FEMORAL W MCC, , 
Surgical,354,HERNIA PROCEDURES EXCEPT INGUINAL & FEMORAL W CC,"$34,530.54 ", 
Surgical,355,HERNIA PROCEDURES EXCEPT INGUINAL & FEMORAL W/O CC/MCC,"$24,590.03 ", 
Surgical,356,OTHER DIGESTIVE SYSTEM O.R. PROCEDURES W MCC,"$27,719.45 ", 
Surgical,357,OTHER DIGESTIVE SYSTEM O.R. PROCEDURES W CC, , 
Surgical,358,OTHER DIGESTIVE SYSTEM O.R. PROCEDURES W/O CC/MCC, , 
Medical,368,MAJOR ESOPHAGEAL DISORDERS W MCC,"$45,305.38 ", 
Medical,369,MAJOR ESOPHAGEAL DISORDERS W CC, , 
Medical,370,MAJOR ESOPHAGEAL DISORDERS W/O CC/MCC, , 
Medical,371,MAJOR GASTROINTESTINAL DISORDERS & PERITONEAL INFECTIONS W MCC,"$28,997.85 ", 
Medical,372,MAJOR GASTROINTESTINAL DISORDERS & PERITONEAL INFECTIONS W CC,"$29,241.21 ","$25,198.89 "
Medical,373,MAJOR GASTROINTESTINAL DISORDERS & PERITONEAL INFECTIONS W/O CC/MCC,"$14,397.69 ","$14,012.11 "
Oncology,374,DIGESTIVE MALIGNANCY W MCC,"$7,095.30 ", 
Oncology,375,DIGESTIVE MALIGNANCY W CC,"$21,144.25 ","$56,018.96 "
Oncology,376,DIGESTIVE MALIGNANCY W/O CC/MCC,"$43,580.88 ", 
Medical,377,G.I. HEMORRHAGE W MCC,"$25,260.21 ", 
Medical,378,G.I. HEMORRHAGE W CC,"$25,643.75 ","$10,423.73 "
Medical,379,G.I. HEMORRHAGE W/O CC/MCC,"$19,597.15 ","$10,533.20 "
Medical,380,COMPLICATED PEPTIC ULCER W MCC,"$37,052.18 ", 
Medical,381,COMPLICATED PEPTIC ULCER W CC,"$28,077.65 ", 
Medical,382,COMPLICATED PEPTIC ULCER W/O CC/MCC,"$21,124.00 ", 
Medical,383,UNCOMPLICATED PEPTIC ULCER W MCC,"$28,465.50 ", 
Medical,384,UNCOMPLICATED PEPTIC ULCER W/O MCC,"$25,488.47 ", 
Medical,385,INFLAMMATORY BOWEL DISEASE W MCC, , 
Medical,386,INFLAMMATORY BOWEL DISEASE W CC,"$23,764.64 ", 
Medical,387,INFLAMMATORY BOWEL DISEASE W/O CC/MCC,"$35,384.57 ", 
Medical,388,G.I. OBSTRUCTION W MCC,"$32,793.37 ", 
Medical,389,G.I. OBSTRUCTION W CC,"$19,362.33 ","$23,643.53 "
Medical,390,G.I. OBSTRUCTION W/O CC/MCC,"$13,728.09 ","$5,180.10 "
Medical,391,"ESOPHAGITIS, GASTROENT & MISC DIGEST DISORDERS W MCC","$24,131.00 ","$22,607.93 "
Medical,392,"ESOPHAGITIS, GASTROENT & MISC DIGEST DISORDERS W/O MCC","$14,933.76 ","$9,853.66 "
Medical,393,OTHER DIGESTIVE SYSTEM DIAGNOSES W MCC,"$24,365.39 ", 
Medical,394,OTHER DIGESTIVE SYSTEM DIAGNOSES W CC,"$17,327.15 ", 
Medical,395,OTHER DIGESTIVE SYSTEM DIAGNOSES W/O CC/MCC,"$13,568.60 ","$13,081.02 "
Surgical,405,"PANCREAS, LIVER & SHUNT PROCEDURES W MCC", , 
Surgical,406,"PANCREAS, LIVER & SHUNT PROCEDURES W CC", , 
Surgical,408,BILIARY TRACT PROC EXCEPT ONLY CHOLECYST W OR W/O C.D.E. W MCC, , 
Surgical,409,BILIARY TRACT PROC EXCEPT ONLY CHOLECYST W OR W/O C.D.E. W CC, , 
Surgical,410,BILIARY TRACT PROC EXCEPT ONLY CHOLECYST W OR W/O C.D.E. W/O CC/MCC,"$15,042.83 ", 
Surgical,411,CHOLECYSTECTOMY W C.D.E. W MCC, , 
Surgical,414,CHOLECYSTECTOMY EXCEPT BY LAPAROSCOPE W/O C.D.E. W MCC, , 
Surgical,415,CHOLECYSTECTOMY EXCEPT BY LAPAROSCOPE W/O C.D.E. W CC,"$18,328.30 ", 
Surgical,416,CHOLECYSTECTOMY EXCEPT BY LAPAROSCOPE W/O C.D.E. W/O CC/MCC,"$29,327.32 ", 
Surgical,417,LAPAROSCOPIC CHOLECYSTECTOMY W/O C.D.E. W MCC,"$34,402.21 ", 
Surgical,418,LAPAROSCOPIC CHOLECYSTECTOMY W/O C.D.E. W CC,"$29,408.36 ", 
Surgical,419,LAPAROSCOPIC CHOLECYSTECTOMY W/O C.D.E. W/O CC/MCC,"$24,429.22 ", 
Oncology,420,HEPATOBILIARY DIAGNOSTIC PROCEDURES W MCC, , 
Surgical,421,HEPATOBILIARY DIAGNOSTIC PROCEDURES W CC,"$18,400.60 ", 
Surgical,423,OTHER HEPATOBILIARY OR PANCREAS O.R. PROCEDURES W MCC, , 
Surgical,424,OTHER HEPATOBILIARY OR PANCREAS O.R. PROCEDURES W CC,"$37,888.15 ", 
Surgical,425,OTHER HEPATOBILIARY OR PANCREAS O.R. PROCEDURES W/O CC/MCC, , 
Medical,432,CIRRHOSIS & ALCOHOLIC HEPATITIS W MCC,"$38,804.04 ", 
Medical,433,CIRRHOSIS & ALCOHOLIC HEPATITIS W CC,"$22,627.13 ", 
Medical,434,CIRRHOSIS & ALCOHOLIC HEPATITIS W/O CC/MCC,"$19,685.08 ", 
Oncology,435,MALIGNANCY OF HEPATOBILIARY SYSTEM OR PANCREAS W MCC,"$18,475.85 ","$42,322.40 "
Oncology,436,MALIGNANCY OF HEPATOBILIARY SYSTEM OR PANCREAS W CC,"$20,747.23 ", 
Oncology,437,MALIGNANCY OF HEPATOBILIARY SYSTEM OR PANCREAS W/O CC/MCC,"$1,030.00 ", 
Medical,438,DISORDERS OF PANCREAS EXCEPT MALIGNANCY W MCC,"$33,905.34 ", 
Medical,439,DISORDERS OF PANCREAS EXCEPT MALIGNANCY W CC,"$24,309.63 ","$15,264.50 "
Medical,440,DISORDERS OF PANCREAS EXCEPT MALIGNANCY W/O CC/MCC,"$16,510.56 ", 
Medical,441,"DISORDERS OF LIVER EXCEPT MALIG,CIRR,ALC HEPA W MCC","$24,263.12 ", 
Medical,442,"DISORDERS OF LIVER EXCEPT MALIG,CIRR,ALC HEPA W CC","$17,394.75 ","$23,792.80 "
Medical,443,"DISORDERS OF LIVER EXCEPT MALIG,CIRR,ALC HEPA W/O CC/MCC","$20,216.98 ", 
Medical,444,DISORDERS OF THE BILIARY TRACT W MCC,"$27,581.19 ", 
Medical,445,DISORDERS OF THE BILIARY TRACT W CC,"$16,801.58 ","$20,666.66 "
Medical,446,DISORDERS OF THE BILIARY TRACT W/O CC/MCC,"$11,714.00 ","$19,172.77 "
Neurosciences,453,COMBINED ANTERIOR/POSTERIOR SPINAL FUSION W MCC, , 
Neurosciences,454,COMBINED ANTERIOR/POSTERIOR SPINAL FUSION W CC, , 
Neurosciences,455,COMBINED ANTERIOR/POSTERIOR SPINAL FUSION W/O CC/MCC, , 
Neurosciences,456,SPINAL FUS EXC CERV W SPINAL CURV/MALIG/INFEC OR EXT FUS W MCC, , 
Neurosciences,457,SPINAL FUS EXC CERV W SPINAL CURV/MALIG/INFEC OR EXT FUS W CC, , 
Neurosciences,458,SPINAL FUS EXC CERV W SPINAL CURV/MALIG/INFEC OR EXT FUS W/O CC/MCC, , 
Neurosciences,459,SPINAL FUSION EXCEPT CERVICAL W MCC, , 
Neurosciences,460,SPINAL FUSION EXCEPT CERVICAL W/O MCC,"$42,884.42 ", 
Orthopedics,461,BILATERAL OR MULTIPLE MAJOR JOINT PROCS OF LOWER EXTREMITY W MCC, , 
Orthopedics,462,BILATERAL OR MULTIPLE MAJOR JOINT PROCS OF LOWER EXTREMITY W/O MCC,"$62,571.60 ", 
Orthopedics,463,"WND DEBRID & SKN GRFT EXC HAND, FOR MUSCULO-CONN TISS DIS W MCC","$41,730.20 ", 
Orthopedics,464,"WND DEBRID & SKN GRFT EXC HAND, FOR MUSCULO-CONN TISS DIS W CC","$39,408.56 ", 
Orthopedics,465,"WND DEBRID & SKN GRFT EXC HAND, FOR MUSCULO-CONN TISS DIS W/O CC/MCC","$32,240.32 ", 
Orthopedics,466,REVISION OF HIP OR KNEE REPLACEMENT W MCC,"$67,417.18 ", 
Orthopedics,467,REVISION OF HIP OR KNEE REPLACEMENT W CC,"$40,467.74 ", 
Orthopedics,468,REVISION OF HIP OR KNEE REPLACEMENT W/O CC/MCC,"$47,960.99 ", 
Orthopedics,469,MAJOR HIP AND KNEE JOINT REPLACEMENT OR REATTACHMENT OF LOWER EXTREMITY W MCC OR TOTAL ANKLE REPLACEMENT,"$47,638.11 ", 
Orthopedics,470,MAJOR HIP AND KNEE JOINT REPLACEMENT OR REATTACHMENT OF LOWER EXTREMITY W/O MCC,"$33,352.87 ", 
Neurosciences,471,CERVICAL SPINAL FUSION W MCC, , 
Neurosciences,472,CERVICAL SPINAL FUSION W CC,"$30,425.95 ", 
Neurosciences,473,CERVICAL SPINAL FUSION W/O CC/MCC,"$25,009.65 ", 
Orthopedics,474,AMPUTATION FOR MUSCULOSKELETAL SYS & CONN TISSUE DIS W MCC, , 
Orthopedics,475,AMPUTATION FOR MUSCULOSKELETAL SYS & CONN TISSUE DIS W CC,"$25,361.58 ", 
Orthopedics,476,AMPUTATION FOR MUSCULOSKELETAL SYS & CONN TISSUE DIS W/O CC/MCC, , 
Orthopedics,477,BIOPSIES OF MUSCULOSKELETAL SYSTEM & CONNECTIVE TISSUE W MCC,"$37,491.93 ", 
Orthopedics,478,BIOPSIES OF MUSCULOSKELETAL SYSTEM & CONNECTIVE TISSUE W CC,"$35,530.30 ", 
Orthopedics,479,BIOPSIES OF MUSCULOSKELETAL SYSTEM & CONNECTIVE TISSUE W/O CC/MCC, , 
Orthopedics,480,HIP & FEMUR PROCEDURES EXCEPT MAJOR JOINT W MCC,"$39,547.76 ", 
Orthopedics,481,HIP & FEMUR PROCEDURES EXCEPT MAJOR JOINT W CC,"$30,744.87 ", 
Orthopedics,482,HIP & FEMUR PROCEDURES EXCEPT MAJOR JOINT W/O CC/MCC,"$27,361.12 ", 
Orthopedics,483,MAJOR JOINT/LIMB REATTACHMENT PROCEDURE OF UPPER EXTREMITIES,"$34,961.99 ", 
Orthopedics,485,KNEE PROCEDURES W PDX OF INFECTION W MCC, , 
Orthopedics,486,KNEE PROCEDURES W PDX OF INFECTION W CC, , 
Orthopedics,487,KNEE PROCEDURES W PDX OF INFECTION W/O CC/MCC, , 
Orthopedics,488,KNEE PROCEDURES W/O PDX OF INFECTION W CC/MCC, , 
Orthopedics,489,KNEE PROCEDURES W/O PDX OF INFECTION W/O CC/MCC,"$23,985.23 ", 
Orthopedics,492,"LOWER EXTREM & HUMER PROC EXCEPT HIP,FOOT,FEMUR W MCC", , 
Orthopedics,493,"LOWER EXTREM & HUMER PROC EXCEPT HIP,FOOT,FEMUR W CC","$32,716.10 ", 
Orthopedics,494,"LOWER EXTREM & HUMER PROC EXCEPT HIP,FOOT,FEMUR W/O CC/MCC","$25,623.08 ", 
Orthopedics,495,LOCAL EXCISION & REMOVAL INT FIX DEVICES EXC HIP & FEMUR W MCC, , 
Orthopedics,496,LOCAL EXCISION & REMOVAL INT FIX DEVICES EXC HIP & FEMUR W CC, , 
Orthopedics,497,LOCAL EXCISION & REMOVAL INT FIX DEVICES EXC HIP & FEMUR W/O CC/MCC,"$33,809.65 ", 
Orthopedics,498,LOCAL EXCISION & REMOVAL INT FIX DEVICES OF HIP & FEMUR W CC/MCC,"$24,812.32 ", 
Orthopedics,499,LOCAL EXCISION & REMOVAL INT FIX DEVICES OF HIP & FEMUR W/O CC/MCC, , 
Orthopedics,500,SOFT TISSUE PROCEDURES W MCC, , 
Orthopedics,501,SOFT TISSUE PROCEDURES W CC,"$28,014.45 ", 
Orthopedics,502,SOFT TISSUE PROCEDURES W/O CC/MCC, , 
Orthopedics,503,FOOT PROCEDURES W MCC, , 
Orthopedics,504,FOOT PROCEDURES W CC,"$11,102.35 ", 
Orthopedics,505,FOOT PROCEDURES W/O CC/MCC, , 
Orthopedics,506,MAJOR THUMB OR JOINT PROCEDURES, , 
Orthopedics,507,MAJOR SHOULDER OR ELBOW JOINT PROCEDURES W CC/MCC, , 
Orthopedics,508,MAJOR SHOULDER OR ELBOW JOINT PROCEDURES W/O CC/MCC, , 
Orthopedics,509,ARTHROSCOPY,"$32,294.80 ", 
Orthopedics,510,"SHOULDER,ELBOW OR FOREARM PROC,EXC MAJOR JOINT PROC W MCC","$21,013.00 ", 
Orthopedics,511,"SHOULDER,ELBOW OR FOREARM PROC,EXC MAJOR JOINT PROC W CC","$28,052.44 ", 
Orthopedics,512,"SHOULDER,ELBOW OR FOREARM PROC,EXC MAJOR JOINT PROC W/O CC/MCC", , 
Orthopedics,513,"HAND OR WRIST PROC, EXCEPT MAJOR THUMB OR JOINT PROC W CC/MCC", , 
Orthopedics,514,"HAND OR WRIST PROC, EXCEPT MAJOR THUMB OR JOINT PROC W/O CC/MCC","$13,069.38 ", 
Orthopedics,515,OTHER MUSCULOSKELET SYS & CONN TISS O.R. PROC W MCC, , 
Orthopedics,516,OTHER MUSCULOSKELET SYS & CONN TISS O.R. PROC W CC,"$18,484.42 ", 
Orthopedics,517,OTHER MUSCULOSKELET SYS & CONN TISS O.R. PROC W/O CC/MCC,"$16,795.47 ", 
Orthopedics,533,FRACTURES OF FEMUR W MCC, , 
Orthopedics,534,FRACTURES OF FEMUR W/O MCC, , 
Orthopedics,535,FRACTURES OF HIP & PELVIS W MCC,"$15,645.59 ", 
Orthopedics,536,FRACTURES OF HIP & PELVIS W/O MCC,"$14,252.16 ","$27,716.68 "
Orthopedics,537,"SPRAINS, STRAINS, & DISLOCATIONS OF HIP, PELVIS & THIGH W CC/MCC", , 
Orthopedics,538,"SPRAINS, STRAINS, & DISLOCATIONS OF HIP, PELVIS & THIGH W/O CC/MCC", , 
Orthopedics,539,OSTEOMYELITIS W MCC,"$30,172.20 ", 
Orthopedics,540,OSTEOMYELITIS W CC, ,"$14,596.81 "
Orthopedics,541,OSTEOMYELITIS W/O CC/MCC, ,"$41,436.80 "
Oncology,542,PATHOLOGICAL FRACTURES & MUSCULOSKELET & CONN TISS MALIG W MCC, , 
Oncology,543,PATHOLOGICAL FRACTURES & MUSCULOSKELET & CONN TISS MALIG W CC,"$23,950.28 ","$24,597.95 "
Oncology,544,PATHOLOGICAL FRACTURES & MUSCULOSKELET & CONN TISS MALIG W/O CC/MCC,"$8,176.03 ", 
Medical,545,CONNECTIVE TISSUE DISORDERS W MCC,"$27,590.72 ", 
Medical,546,CONNECTIVE TISSUE DISORDERS W CC,"$27,135.04 ", 
Medical,547,CONNECTIVE TISSUE DISORDERS W/O CC/MCC,"$5,108.25 ", 
Medical,548,SEPTIC ARTHRITIS W MCC, , 
Medical,549,SEPTIC ARTHRITIS W CC, , 
Medical,550,SEPTIC ARTHRITIS W/O CC/MCC, , 
Neurosciences,551,MEDICAL BACK PROBLEMS W MCC,"$22,851.81 ", 
Neurosciences,552,MEDICAL BACK PROBLEMS W/O MCC,"$20,250.37 ","$16,949.15 "
Orthopedics,553,BONE DISEASES & ARTHROPATHIES W MCC,"$29,105.76 ", 
Orthopedics,554,BONE DISEASES & ARTHROPATHIES W/O MCC,"$16,200.82 ","$22,713.76 "
Orthopedics,555,SIGNS & SYMPTOMS OF MUSCULOSKELETAL SYSTEM & CONN TISSUE W MCC,"$36,190.68 ", 
Orthopedics,556,SIGNS & SYMPTOMS OF MUSCULOSKELETAL SYSTEM & CONN TISSUE W/O MCC,"$13,118.99 ", 
Orthopedics,557,"TENDONITIS, MYOSITIS & BURSITIS W MCC","$41,116.89 ", 
Orthopedics,558,"TENDONITIS, MYOSITIS & BURSITIS W/O MCC","$19,325.70 ","$19,980.80 "
Orthopedics,559,"AFTERCARE, MUSCULOSKELETAL SYSTEM & CONNECTIVE TISSUE W MCC","$37,364.09 ", 
Orthopedics,560,"AFTERCARE, MUSCULOSKELETAL SYSTEM & CONNECTIVE TISSUE W CC","$8,903.35 ","$46,561.60 "
Orthopedics,561,"AFTERCARE, MUSCULOSKELETAL SYSTEM & CONNECTIVE TISSUE W/O CC/MCC","$11,715.32 ", 
Orthopedics,562,"FX, SPRN, STRN & DISL EXCEPT FEMUR, HIP, PELVIS & THIGH W MCC","$54,954.72 ", 
Orthopedics,563,"FX, SPRN, STRN & DISL EXCEPT FEMUR, HIP, PELVIS & THIGH W/O MCC","$17,421.81 ","$28,490.00 "
Orthopedics,564,OTHER MUSCULOSKELETAL SYS & CONNECTIVE TISSUE DIAGNOSES W MCC,"$35,011.10 ", 
Orthopedics,565,OTHER MUSCULOSKELETAL SYS & CONNECTIVE TISSUE DIAGNOSES W CC,"$21,220.62 ", 
Orthopedics,566,OTHER MUSCULOSKELETAL SYS & CONNECTIVE TISSUE DIAGNOSES W/O CC/MCC,"$24,758.50 ", 
Surgical,573,SKIN GRAFT FOR SKIN ULCER OR CELLULITIS W MCC, , 
Surgical,574,SKIN GRAFT FOR SKIN ULCER OR CELLULITIS W CC,"$14,989.45 ", 
Surgical,577,SKIN GRAFT EXC FOR SKIN ULCER OR CELLULITIS W CC,"$16,008.35 ", 
Surgical,578,SKIN GRAFT EXC FOR SKIN ULCER OR CELLULITIS W/O CC/MCC,"$37,402.49 ", 
Surgical,579,"OTHER SKIN, SUBCUT TISS & BREAST PROC W MCC","$42,291.31 ", 
Surgical,580,"OTHER SKIN, SUBCUT TISS & BREAST PROC W CC","$18,963.35 ", 
Surgical,581,"OTHER SKIN, SUBCUT TISS & BREAST PROC W/O CC/MCC","$29,884.40 ", 
Oncology,582,MASTECTOMY FOR MALIGNANCY W CC/MCC, , 
Oncology,583,MASTECTOMY FOR MALIGNANCY W/O CC/MCC,"$15,325.40 ", 
Oncology,584,"BREAST BIOPSY, LOCAL EXCISION & OTHER BREAST PROCEDURES W CC/MCC","$29,129.62 ", 
Oncology,585,"BREAST BIOPSY, LOCAL EXCISION & OTHER BREAST PROCEDURES W/O CC/MCC","$12,173.85 ", 
Medical,592,SKIN ULCERS W MCC,"$7,678.25 ", 
Medical,593,SKIN ULCERS W CC,"$22,207.30 ", 
Medical,594,SKIN ULCERS W/O CC/MCC, , 
Medical,595,MAJOR SKIN DISORDERS W MCC, , 
Medical,596,MAJOR SKIN DISORDERS W/O MCC,"$14,746.07 ", 
Oncology,597,MALIGNANT BREAST DISORDERS W MCC, , 
Oncology,598,MALIGNANT BREAST DISORDERS W CC, , 
Medical,600,NON-MALIGNANT BREAST DISORDERS W CC/MCC,"$20,677.60 ", 
Medical,601,NON-MALIGNANT BREAST DISORDERS W/O CC/MCC, , 
Medical,602,CELLULITIS W MCC,"$25,828.46 ","$24,474.08 "
Medical,603,CELLULITIS W/O MCC,"$13,750.33 ","$12,950.48 "
Medical,604,"TRAUMA TO THE SKIN, SUBCUT TISS & BREAST W MCC","$21,988.83 ", 
Medical,605,"TRAUMA TO THE SKIN, SUBCUT TISS & BREAST W/O MCC","$16,967.42 ","$8,032.25 "
Medical,606,MINOR SKIN DISORDERS W MCC,"$21,985.00 ", 
Medical,607,MINOR SKIN DISORDERS W/O MCC,"$13,155.37 ", 
Surgical,614,ADRENAL & PITUITARY PROCEDURES W CC/MCC, , 
Surgical,615,ADRENAL & PITUITARY PROCEDURES W/O CC/MCC, , 
Surgical,616,"AMPUTAT OF LOWER LIMB FOR ENDOCRINE,NUTRIT,& METABOL DIS W MCC", , 
Surgical,617,"AMPUTAT OF LOWER LIMB FOR ENDOCRINE,NUTRIT,& METABOL DIS W CC","$22,684.27 ", 
Surgical,618,"AMPUTAT OF LOWER LIMB FOR ENDOCRINE,NUTRIT,& METABOL DIS W/O CC/MCC", , 
Surgical,619,O.R. PROCEDURES FOR OBESITY W MCC, , 
Surgical,620,O.R. PROCEDURES FOR OBESITY W CC, , 
Surgical,621,O.R. PROCEDURES FOR OBESITY W/O CC/MCC, , 
Surgical,622,"SKIN GRAFTS & WOUND DEBRID FOR ENDOC, NUTRIT & METAB DIS W MCC","$100,914.44 ", 
Surgical,623,"SKIN GRAFTS & WOUND DEBRID FOR ENDOC, NUTRIT & METAB DIS W CC","$30,428.05 ", 
Surgical,624,"SKIN GRAFTS & WOUND DEBRID FOR ENDOC, NUTRIT & METAB DIS W/O CC/MCC", , 
Surgical,625,"THYROID, PARATHYROID & THYROGLOSSAL PROCEDURES W MCC", , 
Surgical,626,"THYROID, PARATHYROID & THYROGLOSSAL PROCEDURES W CC","$12,186.10 ", 
Surgical,627,"THYROID, PARATHYROID & THYROGLOSSAL PROCEDURES W/O CC/MCC", , 
Surgical,628,"OTHER ENDOCRINE, NUTRIT & METAB O.R. PROC W MCC", , 
Surgical,629,"OTHER ENDOCRINE, NUTRIT & METAB O.R. PROC W CC", , 
Surgical,630,"OTHER ENDOCRINE, NUTRIT & METAB O.R. PROC W/O CC/MCC", , 
Medical,637,DIABETES W MCC,"$38,702.40 ", 
Medical,638,DIABETES W CC,"$17,911.17 ","$16,745.68 "
Medical,639,DIABETES W/O CC/MCC,"$15,961.30 ","$6,924.09 "
Medical,640,"MISC DISORDERS OF NUTRITION,METABOLISM,FLUIDS/ELECTROLYTES W MCC","$24,033.11 ","$12,470.68 "
Medical,641,"MISC DISORDERS OF NUTRITION,METABOLISM,FLUIDS/ELECTROLYTES W/O MCC","$12,213.03 ","$10,723.32 "
Medical,642,INBORN AND OTHER DISORDERS OF METABOLISM,"$19,146.59 ", 
Medical,643,ENDOCRINE DISORDERS W MCC,"$53,764.46 ", 
Medical,644,ENDOCRINE DISORDERS W CC,"$19,247.46 ", 
Medical,645,ENDOCRINE DISORDERS W/O CC/MCC,"$12,554.47 ", 
Surgical,653,MAJOR BLADDER PROCEDURES W MCC, , 
Surgical,654,MAJOR BLADDER PROCEDURES W CC,"$38,643.48 ", 
Surgical,655,MAJOR BLADDER PROCEDURES W/O CC/MCC,"$28,295.18 ", 
Surgical,656,KIDNEY & URETER PROCEDURES FOR NEOPLASM W MCC,"$73,755.11 ", 
Surgical,657,KIDNEY & URETER PROCEDURES FOR NEOPLASM W CC,"$41,930.53 ", 
Surgical,658,KIDNEY & URETER PROCEDURES FOR NEOPLASM W/O CC/MCC,"$28,605.20 ", 
Surgical,659,KIDNEY & URETER PROCEDURES FOR NON-NEOPLASM W MCC, , 
Surgical,660,KIDNEY & URETER PROCEDURES FOR NON-NEOPLASM W CC,"$25,140.71 ", 
Surgical,661,KIDNEY & URETER PROCEDURES FOR NON-NEOPLASM W/O CC/MCC,"$23,648.03 ", 
Surgical,662,MINOR BLADDER PROCEDURES W MCC, , 
Surgical,663,MINOR BLADDER PROCEDURES W CC, , 
Surgical,664,MINOR BLADDER PROCEDURES W/O CC/MCC, , 
Surgical,666,PROSTATECTOMY W CC,"$42,656.95 ", 
Surgical,667,PROSTATECTOMY W/O CC/MCC,"$19,350.65 ", 
Surgical,668,TRANSURETHRAL PROCEDURES W MCC, , 
Surgical,669,TRANSURETHRAL PROCEDURES W CC,"$17,504.98 ", 
Surgical,670,TRANSURETHRAL PROCEDURES W/O CC/MCC,"$15,328.09 ", 
Surgical,672,URETHRAL PROCEDURES W/O CC/MCC, , 
Surgical,673,OTHER KIDNEY & URINARY TRACT PROCEDURES W MCC,"$82,919.12 ", 
Surgical,674,OTHER KIDNEY & URINARY TRACT PROCEDURES W CC,"$48,721.00 ", 
Surgical,675,OTHER KIDNEY & URINARY TRACT PROCEDURES W/O CC/MCC, , 
Medical,682,RENAL FAILURE W MCC,"$42,130.34 ", 
Medical,683,RENAL FAILURE W CC,"$20,351.05 ", 
Medical,684,RENAL FAILURE W/O CC/MCC,"$19,674.65 ", 
Surgical,686,KIDNEY & URINARY TRACT NEOPLASMS W MCC, , 
Surgical,687,KIDNEY & URINARY TRACT NEOPLASMS W CC,"$19,240.85 ", 
Surgical,689,KIDNEY & URINARY TRACT INFECTIONS W MCC,"$23,917.70 ","$31,359.26 "
Surgical,690,KIDNEY & URINARY TRACT INFECTIONS W/O MCC,"$14,825.94 ","$13,589.99 "
Surgical,691,URINARY STONES W ESW LITHOTRIPSY W CC/MCC,"$20,935.00 ", 
Surgical,692,URINARY STONES W ESW LITHOTRIPSY W/O CC/MCC,"$25,091.05 ", 
Surgical,693,URINARY STONES W/O ESW LITHOTRIPSY W MCC, , 
Surgical,694,URINARY STONES W/O ESW LITHOTRIPSY W/O MCC,"$16,700.28 ", 
Surgical,695,KIDNEY & URINARY TRACT SIGNS & SYMPTOMS W MCC, , 
Surgical,696,KIDNEY & URINARY TRACT SIGNS & SYMPTOMS W/O MCC,"$10,290.48 ","$24,501.90 "
Surgical,697,URETHRAL STRICTURE, , 
Surgical,698,OTHER KIDNEY & URINARY TRACT DIAGNOSES W MCC,"$13,679.19 ", 
Surgical,699,OTHER KIDNEY & URINARY TRACT DIAGNOSES W CC,"$29,328.17 ", 
Surgical,700,OTHER KIDNEY & URINARY TRACT DIAGNOSES W/O CC/MCC,"$11,378.30 ", 
Surgical,707,MAJOR MALE PELVIC PROCEDURES W CC/MCC,"$51,477.56 ", 
Surgical,708,MAJOR MALE PELVIC PROCEDURES W/O CC/MCC,"$45,832.35 ", 
Surgical,709,PENIS PROCEDURES W CC/MCC, , 
Surgical,710,PENIS PROCEDURES W/O CC/MCC, , 
Oncology,711,TESTES PROCEDURES W CC/MCC, , 
Surgical,712,TESTES PROCEDURES W/O CC/MCC, , 
Surgical,713,TRANSURETHRAL PROSTATECTOMY W CC/MCC,"$29,370.57 ", 
Surgical,714,TRANSURETHRAL PROSTATECTOMY W/O CC/MCC,"$30,723.43 ", 
Oncology,715,OTHER MALE REPRODUCTIVE SYSTEM O.R. PROC FOR MALIGNANCY W CC/MCC, , 
Oncology,716,OTHER MALE REPRODUCTIVE SYSTEM O.R. PROC FOR MALIGNANCY W/O CC/MCC, , 
Surgical,717,OTHER MALE REPRODUCTIVE SYSTEM O.R. PROC EXC MALIGNANCY W CC/MCC, , 
Surgical,718,OTHER MALE REPRODUCTIVE SYSTEM O.R. PROC EXC MALIGNANCY W/O CC/MCC, , 
Oncology,722,"MALIGNANCY, MALE REPRODUCTIVE SYSTEM W MCC", ,"$14,557.55 "
Oncology,723,"MALIGNANCY, MALE REPRODUCTIVE SYSTEM W CC", , 
Surgical,725,BENIGN PROSTATIC HYPERTROPHY W MCC, , 
Surgical,726,BENIGN PROSTATIC HYPERTROPHY W/O MCC,"$8,795.34 ", 
Surgical,727,INFLAMMATION OF THE MALE REPRODUCTIVE SYSTEM W MCC, , 
Surgical,728,INFLAMMATION OF THE MALE REPRODUCTIVE SYSTEM W/O MCC,"$11,318.54 ","$9,461.00 "
Surgical,729,OTHER MALE REPRODUCTIVE SYSTEM DIAGNOSES W CC/MCC, , 
Women & Infants,734,"PELVIC EVISCERATION, RAD HYSTERECTOMY & RAD VULVECTOMY W CC/MCC", , 
Women & Infants,735,"PELVIC EVISCERATION, RAD HYSTERECTOMY & RAD VULVECTOMY W/O CC/MCC", , 
Oncology,736,UTERINE & ADNEXA PROC FOR OVARIAN OR ADNEXAL MALIGNANCY W MCC, , 
Oncology,737,UTERINE & ADNEXA PROC FOR OVARIAN OR ADNEXAL MALIGNANCY W CC, , 
Oncology,738,UTERINE & ADNEXA PROC FOR OVARIAN OR ADNEXAL MALIGNANCY W/O CC/MCC, , 
Oncology,739,"UTERINE,ADNEXA PROC FOR NON-OVARIAN/ADNEXAL MALIG W MCC", , 
Oncology,740,"UTERINE,ADNEXA PROC FOR NON-OVARIAN/ADNEXAL MALIG W CC","$30,885.48 ", 
Oncology,741,"UTERINE,ADNEXA PROC FOR NON-OVARIAN/ADNEXAL MALIG W/O CC/MCC", , 
Women & Infants,742,UTERINE & ADNEXA PROC FOR NON-MALIGNANCY W CC/MCC,"$28,526.51 ", 
Women & Infants,743,UTERINE & ADNEXA PROC FOR NON-MALIGNANCY W/O CC/MCC,"$22,314.45 ", 
Women & Infants,744,"D&C, CONIZATION, LAPAROSCOPY & TUBAL INTERRUPTION W CC/MCC", , 
Women & Infants,745,"D&C, CONIZATION, LAPAROSCOPY & TUBAL INTERRUPTION W/O CC/MCC", , 
Women & Infants,746,"VAGINA, CERVIX & VULVA PROCEDURES W CC/MCC", , 
Women & Infants,747,"VAGINA, CERVIX & VULVA PROCEDURES W/O CC/MCC","$8,347.83 ", 
Women & Infants,748,FEMALE REPRODUCTIVE SYSTEM RECONSTRUCTIVE PROCEDURES,"$20,767.77 ", 
Women & Infants,749,OTHER FEMALE REPRODUCTIVE SYSTEM O.R. PROCEDURES W CC/MCC,"$64,501.42 ", 
Women & Infants,750,OTHER FEMALE REPRODUCTIVE SYSTEM O.R. PROCEDURES W/O CC/MCC, , 
Oncology,754,"MALIGNANCY, FEMALE REPRODUCTIVE SYSTEM W MCC","$43,613.27 ", 
Oncology,755,"MALIGNANCY, FEMALE REPRODUCTIVE SYSTEM W CC", , 
Oncology,756,"MALIGNANCY, FEMALE REPRODUCTIVE SYSTEM W/O CC/MCC", , 
Women & Infants,757,"INFECTIONS, FEMALE REPRODUCTIVE SYSTEM W MCC","$20,235.15 ", 
Women & Infants,758,"INFECTIONS, FEMALE REPRODUCTIVE SYSTEM W CC","$11,047.98 ", 
Women & Infants,759,"INFECTIONS, FEMALE REPRODUCTIVE SYSTEM W/O CC/MCC","$13,509.33 ", 
Women & Infants,760,MENSTRUAL & OTHER FEMALE REPRODUCTIVE SYSTEM DISORDERS W CC/MCC, , 
Women & Infants,761,MENSTRUAL & OTHER FEMALE REPRODUCTIVE SYSTEM DISORDERS W/O CC/MCC,"$9,019.50 ", 
Women & Infants,765,CESAREAN SECTION W CC/MCC,"$15,534.35 ", 
Women & Infants,766,CESAREAN SECTION W/O CC/MCC,"$13,061.22 ", 
Women & Infants,767,VAGINAL DELIVERY W STERILIZATION &/OR D&C,"$11,045.23 ", 
Women & Infants,768,VAGINAL DELIVERY W O.R. PROC EXCEPT STERIL &/OR D&C, , 
Women & Infants,769,POSTPARTUM & POST ABORTION DIAGNOSES W O.R. PROCEDURE,"$13,150.37 ", 
Women & Infants,770,"ABORTION W D&C, ASPIRATION CURETTAGE OR HYSTEROTOMY","$4,539.00 ", 
Women & Infants,774,VAGINAL DELIVERY W COMPLICATING DIAGNOSES,"$10,529.79 ", 
Women & Infants,775,VAGINAL DELIVERY W/O COMPLICATING DIAGNOSES,"$9,508.06 ", 
Women & Infants,776,POSTPARTUM & POST ABORTION DIAGNOSES W/O O.R. PROCEDURE,"$10,910.10 ", 
Women & Infants,777,ECTOPIC PREGNANCY,"$9,757.83 ", 
Women & Infants,778,THREATENED ABORTION,"$9,352.26 ", 
Women & Infants,779,ABORTION W/O D&C,"$5,868.20 ", 
Women & Infants,780,FALSE LABOR, , 
Women & Infants,781,OTHER ANTEPARTUM DIAGNOSES W MEDICAL COMPLICATIONS,"$7,494.80 ", 
Women & Infants,782,OTHER ANTEPARTUM DIAGNOSES W/O MEDICAL COMPLICATIONS,"$5,338.36 ", 
Women & Infants,789,"NEONATES, DIED OR TRANSFERRED TO ANOTHER ACUTE CARE FACILITY","$3,242.41 ", 
Women & Infants,790,"EXTREME IMMATURITY OR RESPIRATORY DISTRESS SYNDROME, NEONATE","$8,260.82 ", 
Women & Infants,791,PREMATURITY W MAJOR PROBLEMS,"$9,559.66 ", 
Women & Infants,792,PREMATURITY W/O MAJOR PROBLEMS,"$4,795.99 ", 
Women & Infants,793,FULL TERM NEONATE W MAJOR PROBLEMS,"$9,916.97 ", 
Women & Infants,794,NEONATE W OTHER SIGNIFICANT PROBLEMS,"$4,336.88 ", 
Women & Infants,795,NORMAL NEWBORN,"$2,822.82 ", 
Surgical,799,SPLENECTOMY W MCC, , 
Surgical,800,SPLENECTOMY W CC, , 
Surgical,802,OTHER O.R. PROC OF THE BLOOD & BLOOD FORMING ORGANS W MCC, , 
Surgical,803,OTHER O.R. PROC OF THE BLOOD & BLOOD FORMING ORGANS W CC,"$61,986.20 ", 
Surgical,804,OTHER O.R. PROC OF THE BLOOD & BLOOD FORMING ORGANS W/O CC/MCC, , 
Oncology,808,MAJOR HEMATOL/IMMUN DIAG EXC SICKLE CELL CRISIS & COAGUL W MCC, , 
Oncology,809,MAJOR HEMATOL/IMMUN DIAG EXC SICKLE CELL CRISIS & COAGUL W CC,"$24,107.90 ", 
Oncology,810,MAJOR HEMATOL/IMMUN DIAG EXC SICKLE CELL CRISIS & COAGUL W/O CC/MCC,"$68,875.48 ", 
Oncology,811,RED BLOOD CELL DISORDERS W MCC,"$31,909.20 ", 
Oncology,812,RED BLOOD CELL DISORDERS W/O MCC,"$21,250.06 ","$9,049.05 "
Oncology,813,COAGULATION DISORDERS,"$46,856.68 ", 
Oncology,814,RETICULOENDOTHELIAL & IMMUNITY DISORDERS W MCC,"$34,893.95 ", 
Oncology,815,RETICULOENDOTHELIAL & IMMUNITY DISORDERS W CC,"$21,858.87 ", 
Oncology,816,RETICULOENDOTHELIAL & IMMUNITY DISORDERS W/O CC/MCC,"$9,577.00 ", 
Oncology,820,LYMPHOMA & LEUKEMIA W MAJOR O.R. PROCEDURE W MCC, , 
Oncology,821,LYMPHOMA & LEUKEMIA W MAJOR O.R. PROCEDURE W CC, , 
Oncology,822,LYMPHOMA & LEUKEMIA W MAJOR O.R. PROCEDURE W/O CC/MCC, , 
Oncology,823,LYMPHOMA & NON-ACUTE LEUKEMIA W OTHER PROC W MCC,"$173,319.35 ", 
Oncology,824,LYMPHOMA & NON-ACUTE LEUKEMIA W OTHER PROC W CC,"$35,685.25 ", 
Oncology,825,LYMPHOMA & NON-ACUTE LEUKEMIA W OTHER PROC W/O CC/MCC, , 
Oncology,826,MYELOPROLIF DISORD OR POORLY DIFF NEOPL W MAJ O.R. PROC W MCC, , 
Oncology,827,MYELOPROLIF DISORD OR POORLY DIFF NEOPL W MAJ O.R. PROC W CC, , 
Oncology,828,MYELOPROLIF DISORD OR POORLY DIFF NEOPL W MAJ O.R. PROC W/O CC/MCC,"$14,638.71 ", 
Oncology,829,MYELOPROLIFERATIVE DISORDERS OR POORLY DIFFERENTIATED NEOPLASMS W OTHER  PROCEDURE W CC/MCC, , 
Oncology,830,MYELOPROLIFERATIVE DISORDERS OR POORLY DIFFERENTIATED NEOPLASMS W OTHER  PROCEDURE W/O CC/MCC,"$51,385.90 ", 
Oncology,834,ACUTE LEUKEMIA W/O MAJOR O.R. PROCEDURE W MCC, , 
Oncology,835,ACUTE LEUKEMIA W/O MAJOR O.R. PROCEDURE W CC, , 
Oncology,836,ACUTE LEUKEMIA W/O MAJOR O.R. PROCEDURE W/O CC/MCC,"$18,693.08 ", 
Oncology,837,CHEMO W ACUTE LEUKEMIA AS SDX OR W HIGH DOSE CHEMO AGENT W MCC, , 
Oncology,838,CHEMO W ACUTE LEUKEMIA AS SDX W CC OR HIGH DOSE CHEMO AGENT, , 
Oncology,839,CHEMO W ACUTE LEUKEMIA AS SDX W/O CC/MCC, , 
Oncology,840,LYMPHOMA & NON-ACUTE LEUKEMIA W MCC,"$41,295.03 ", 
Oncology,841,LYMPHOMA & NON-ACUTE LEUKEMIA W CC,"$34,125.45 ", 
Oncology,842,LYMPHOMA & NON-ACUTE LEUKEMIA W/O CC/MCC,"$30,232.16 ", 
Oncology,843,OTHER MYELOPROLIF DIS OR POORLY DIFF NEOPL DIAG W MCC, , 
Oncology,844,OTHER MYELOPROLIF DIS OR POORLY DIFF NEOPL DIAG W CC,"$24,747.91 ", 
Oncology,845,OTHER MYELOPROLIF DIS OR POORLY DIFF NEOPL DIAG W/O CC/MCC, , 
Oncology,846,CHEMOTHERAPY W/O ACUTE LEUKEMIA AS SECONDARY DIAGNOSIS W MCC, , 
Oncology,847,CHEMOTHERAPY W/O ACUTE LEUKEMIA AS SECONDARY DIAGNOSIS W CC,"$46,695.15 ", 
Oncology,848,CHEMOTHERAPY W/O ACUTE LEUKEMIA AS SECONDARY DIAGNOSIS W/O CC/MCC, , 
Oncology,849,RADIOTHERAPY, , 
Surgical,853,INFECTIOUS & PARASITIC DISEASES W O.R. PROCEDURE W MCC,"$96,547.34 ", 
Surgical,854,INFECTIOUS & PARASITIC DISEASES W O.R. PROCEDURE W CC,"$41,825.99 ", 
Surgical,856,POSTOPERATIVE OR POST-TRAUMATIC INFECTIONS W O.R. PROC W MCC,"$50,552.20 ", 
Surgical,857,POSTOPERATIVE OR POST-TRAUMATIC INFECTIONS W O.R. PROC W CC,"$20,385.77 ", 
Surgical,858,POSTOPERATIVE OR POST-TRAUMATIC INFECTIONS W O.R. PROC W/O CC/MCC,"$23,770.67 ", 
Medical,862,POSTOPERATIVE & POST-TRAUMATIC INFECTIONS W MCC,"$38,184.29 ", 
Medical,863,POSTOPERATIVE & POST-TRAUMATIC INFECTIONS W/O MCC,"$25,728.34 ","$18,625.80 "
Medical,864,FEVER,"$15,177.63 ","$22,901.95 "
Medical,865,VIRAL ILLNESS W MCC,"$12,624.50 ", 
Medical,866,VIRAL ILLNESS W/O MCC,"$7,406.38 ","$5,222.45 "
Medical,867,OTHER INFECTIOUS & PARASITIC DISEASES DIAGNOSES W MCC, , 
Medical,868,OTHER INFECTIOUS & PARASITIC DISEASES DIAGNOSES W CC, , 
Medical,869,OTHER INFECTIOUS & PARASITIC DISEASES DIAGNOSES W/O CC/MCC,"$33,813.87 ", 
Medical,870,SEPTICEMIA OR SEVERE SEPSIS W MV >96 HOURS,"$89,408.49 ", 
Medical,871,SEPTICEMIA OR SEVERE SEPSIS W/O MV >96 HOURS W MCC,"$32,811.70 ","$28,082.14 "
Medical,872,SEPTICEMIA OR SEVERE SEPSIS W/O MV >96 HOURS W/O MCC,"$22,074.11 ","$19,522.35 "
Surgical,876,O.R. PROCEDURE W PRINCIPAL DIAGNOSES OF MENTAL ILLNESS, , 
BEHAVIORAL HEALTH,880,ACUTE ADJUSTMENT REACTION & PSYCHOSOCIAL DYSFUNCTION, , 
BEHAVIORAL HEALTH,881,DEPRESSIVE NEUROSES, , 
BEHAVIORAL HEALTH,882,NEUROSES EXCEPT DEPRESSIVE,"$9,199.35 ", 
BEHAVIORAL HEALTH,883,DISORDERS OF PERSONALITY & IMPULSE CONTROL, , 
BEHAVIORAL HEALTH,884,ORGANIC DISTURBANCES & INTELLECTUAL DISABILITY,"$15,374.12 ", 
BEHAVIORAL HEALTH,885,PSYCHOSES,"$12,668.26 ","$12,465.25 "
BEHAVIORAL HEALTH,886,BEHAVIORAL & DEVELOPMENTAL DISORDERS, , 
BEHAVIORAL HEALTH,887,OTHER MENTAL DISORDER DIAGNOSES, , 
BEHAVIORAL HEALTH,894,"ALCOHOL/DRUG ABUSE OR DEPENDENCE, LEFT AMA","$8,849.25 ", 
BEHAVIORAL HEALTH,896,ALCOHOL/DRUG ABUSE OR DEPENDENCE W/O REHABILITATION THERAPY W MCC,"$31,342.46 ", 
BEHAVIORAL HEALTH,897,ALCOHOL/DRUG ABUSE OR DEPENDENCE W/O REHABILITATION THERAPY W/O MCC,"$14,997.96 ", 
Surgical,901,WOUND DEBRIDEMENTS FOR INJURIES W MCC, , 
Surgical,902,WOUND DEBRIDEMENTS FOR INJURIES W CC,"$21,454.55 ", 
Surgical,903,WOUND DEBRIDEMENTS FOR INJURIES W/O CC/MCC, , 
Surgical,904,SKIN GRAFTS FOR INJURIES W CC/MCC, , 
Surgical,905,SKIN GRAFTS FOR INJURIES W/O CC/MCC, , 
Orthopedics,906,HAND PROCEDURES FOR INJURIES, , 
Surgical,907,OTHER O.R. PROCEDURES FOR INJURIES W MCC,"$100,820.58 ", 
Surgical,908,OTHER O.R. PROCEDURES FOR INJURIES W CC,"$41,778.23 ", 
Surgical,909,OTHER O.R. PROCEDURES FOR INJURIES W/O CC/MCC,"$9,178.21 ", 
Medical,913,TRAUMATIC INJURY W MCC, , 
Medical,914,TRAUMATIC INJURY W/O MCC,"$15,327.18 ", 
Medical,915,ALLERGIC REACTIONS W MCC, , 
Medical,916,ALLERGIC REACTIONS W/O MCC,"$5,914.90 ", 
Medical,917,POISONING & TOXIC EFFECTS OF DRUGS W MCC,"$21,286.13 ", 
Medical,918,POISONING & TOXIC EFFECTS OF DRUGS W/O MCC,"$10,561.00 ","$25,912.01 "
Medical,919,COMPLICATIONS OF TREATMENT W MCC,"$10,724.88 ", 
Medical,920,COMPLICATIONS OF TREATMENT W CC,"$18,639.09 ","$18,149.98 "
Medical,921,COMPLICATIONS OF TREATMENT W/O CC/MCC,"$13,997.11 ", 
Medical,922,"OTHER INJURY, POISONING & TOXIC EFFECT DIAG W MCC", , 
Medical,923,"OTHER INJURY, POISONING & TOXIC EFFECT DIAG W/O MCC","$25,426.90 ", 
Burn,928,FULL THICKNESS BURN W SKIN GRAFT OR INHAL INJ W CC/MCC, , 
Burn,934,FULL THICKNESS BURN W/O SKIN GRFT OR INHAL INJ, , 
Burn,935,NON-EXTENSIVE BURNS,"$9,282.39 ", 
Surgical,939,O.R. PROC W DIAGNOSES OF OTHER CONTACT W HEALTH SERVICES W MCC, , 
Surgical,940,O.R. PROC W DIAGNOSES OF OTHER CONTACT W HEALTH SERVICES W CC, , 
Surgical,941,O.R. PROC W DIAGNOSES OF OTHER CONTACT W HEALTH SERVICES W/O CC/MCC, , 
Medical,947,SIGNS & SYMPTOMS W MCC,"$27,608.74 ","$14,539.86 "
Medical,948,SIGNS & SYMPTOMS W/O MCC,"$15,241.55 ","$14,902.64 "
Medical,949,AFTERCARE W CC/MCC, , 
Medical,950,AFTERCARE W/O CC/MCC, , 
Medical,951,OTHER FACTORS INFLUENCING HEALTH STATUS,"$6,291.38 ", 
Neurosciences,955,CRANIOTOMY FOR MULTIPLE SIGNIFICANT TRAUMA, , 
Orthopedics,956,"LIMB REATTACHMENT, HIP & FEMUR PROC FOR MULTIPLE SIGNIFICANT TRAUMA","$39,049.71 ", 
Surgical,957,OTHER O.R. PROCEDURES FOR MULTIPLE SIGNIFICANT TRAUMA W MCC, , 
Surgical,958,OTHER O.R. PROCEDURES FOR MULTIPLE SIGNIFICANT TRAUMA W CC, , 
Surgical,959,OTHER O.R. PROCEDURES FOR MULTIPLE SIGNIFICANT TRAUMA W/O CC/MCC, , 
Medical,963,OTHER MULTIPLE SIGNIFICANT TRAUMA W MCC, , 
Medical,964,OTHER MULTIPLE SIGNIFICANT TRAUMA W CC, , 
Medical,965,OTHER MULTIPLE SIGNIFICANT TRAUMA W/O CC/MCC,"$19,953.78 ", 
Surgical,969,HIV W EXTENSIVE O.R. PROCEDURE W MCC, , 
Medical,974,HIV W MAJOR RELATED CONDITION W MCC, , 
Medical,975,HIV W MAJOR RELATED CONDITION W CC, , 
Medical,977,HIV W OR W/O OTHER RELATED CONDITION, , 
Surgical,981,EXTENSIVE O.R. PROCEDURE UNRELATED TO PRINCIPAL DIAGNOSIS W MCC,"$81,130.01 ", 
Surgical,982,EXTENSIVE O.R. PROCEDURE UNRELATED TO PRINCIPAL DIAGNOSIS W CC,"$38,033.28 ", 
Surgical,983,EXTENSIVE O.R. PROCEDURE UNRELATED TO PRINCIPAL DIAGNOSIS W/O CC/MCC,"$11,126.76 ", 
Surgical,985,PROSTATIC O.R. PROCEDURE UNRELATED TO PRINCIPAL DIAGNOSIS W CC, , 
Surgical,987,NON-EXTENSIVE O.R. PROC UNRELATED TO PRINCIPAL DIAGNOSIS W MCC,"$89,516.88 ", 
Surgical,988,NON-EXTENSIVE O.R. PROC UNRELATED TO PRINCIPAL DIAGNOSIS W CC,"$36,000.20 ", 
Surgical,989,NON-EXTENSIVE O.R. PROC UNRELATED TO PRINCIPAL DIAGNOSIS W/O CC/MCC,"$12,409.55 ", 
Other,999,UNGROUPABLE, , 
Surgical,11,"RACHEOSTOMY FOR FACE,MOUTH & NECK DIAGNOSES W MCC","$113,336.85 ", 
Surgical,12,"RACHEOSTOMY FOR FACE,MOUTH & NECK DIAGNOSES W CC","$25,185.78 ", 
Neurosciences,41,ERIPH/CRANIAL NERVE & OTHER NERV SYST PROC W CC OR PERIPH NEUROSTIM,"$33,475.06 ", 
Oncology,54,ERVOUS SYSTEM NEOPLASMS W MCC,"$33,924.08 ", 
Oncology,55,ERVOUS SYSTEM NEOPLASMS W/O MCC,"$24,310.41 ", 
Neurosciences,56,EGENERATIVE NERVOUS SYSTEM DISORDERS W MCC,"$7,479.80 ", 
Neurosciences,57,EGENERATIVE NERVOUS SYSTEM DISORDERS W/O MCC,"$18,302.06 ","$18,475.20 "
Neurosciences,60,ULTIPLE SCLEROSIS & CEREBELLAR ATAXIA W/O CC/MCC,"$14,424.20 ","$9,037.20 "
Neurosciences,64,NTRACRANIAL HEMORRHAGE OR CEREBRAL INFARCTION W MCC,"$31,448.68 ", 
Neurosciences,65,NTRACRANIAL HEMORRHAGE OR CEREBRAL INFARCTION W CC OR TPA IN 24 HRS,"$23,308.02 ","$21,634.74 "
Neurosciences,66,NTRACRANIAL HEMORRHAGE OR CEREBRAL INFARCTION W/O CC/MCC,"$17,285.51 ","$31,482.00 "
Neurosciences,69,RANSIENT ISCHEMIA W/O THROMBOLYTIC,"$21,725.91 ","$22,392.78 "
Neurosciences,70,ONSPECIFIC CEREBROVASCULAR DISORDERS W MCC,"$28,483.96 ", 
Neurosciences,71,ONSPECIFIC CEREBROVASCULAR DISORDERS W CC,"$23,578.20 ", 
Neurosciences,72,ONSPECIFIC CEREBROVASCULAR DISORDERS W/O CC/MCC,"$21,914.83 ", 
Neurosciences,73,RANIAL & PERIPHERAL NERVE DISORDERS W MCC,"$24,237.53 ", 
Neurosciences,74,RANIAL & PERIPHERAL NERVE DISORDERS W/O MCC,"$16,915.74 ","$7,826.35 "
Neurosciences,76,IRAL MENINGITIS W/O CC/MCC,"$9,425.52 ", 
Neurosciences,78,YPERTENSIVE ENCEPHALOPATHY W CC,"$23,096.00 ", 
Neurosciences,83,"RAUMATIC STUPOR & COMA, COMA >1 HR W CC","$17,923.22 ", 
Neurosciences,84,"RAUMATIC STUPOR & COMA, COMA >1 HR W/O CC/MCC", ,"$11,936.18 "
Neurosciences,87,"RAUMATIC STUPOR & COMA, COMA <1 HR W/O CC/MCC","$40,746.28 ", 
Neurosciences,89,ONCUSSION W CC,"$38,111.80 ","$5,425.65 "
Neurosciences,90,ONCUSSION W/O CC/MCC,"$14,167.03 ", 
Neurosciences,91,THER DISORDERS OF NERVOUS SYSTEM W MCC,"$24,924.01 ", 
Neurosciences,92,THER DISORDERS OF NERVOUS SYSTEM W CC,"$19,600.06 ","$42,316.03 "
Neurosciences,93,THER DISORDERS OF NERVOUS SYSTEM W/O CC/MCC,"$15,860.59 ", 
Neurosciences,94,ACTERIAL & TUBERCULOUS INFECTIONS OF NERVOUS SYSTEM W MCC,"$2,612.00 ", 
Neurosciences,95,ACTERIAL & TUBERCULOUS INFECTIONS OF NERVOUS SYSTEM W CC,"$19,092.90 ", 
Neurosciences,97,ON-BACTERIAL INFECT OF NERVOUS SYS EXC VIRAL MENINGITIS W MCC,"$8,399.00 ", 
Neurosciences,98,ON-BACTERIAL INFECT OF NERVOUS SYS EXC VIRAL MENINGITIS W CC, ,"$20,415.48 "
Neurosciences,99,ON-BACTERIAL INFECT OF NERVOUS SYS EXC VIRAL MENINGITIS W/O CC/MCC,"$13,924.55 ", 
Cardiovascular Services,268,AORTIC AND HEART ASSIST PROCEDURES EXCEPT PULSATION BALLOON W MCC, , 
Cardiovascular Services,269,AORTIC AND HEART ASSIST PROCEDURES EXCEPT PULSATION BALLOON W/O MCC, , 
Cardiovascular Services,270,OTHER MAJOR CARDIOVASCULAR PROCEDURES W MCC,, 
Cardiovascular Services,271,OTHER MAJOR CARDIOVASCULAR PROCEDURES W CC,"$73,441.35 ", 
Cardiovascular Services,272,OTHER MAJOR CARDIOVASCULAR PROCEDURES W/O CC/MCC, , 
Cardiovascular Services,273,PERCUTANEOUS INTRACARDIAC PROCEDURES W MCC, , 
Cardiovascular Services,274,PERCUTANEOUS INTRACARDIAC PROCEDURES W/O MCC, , 
Oncology,16,AUTOLOGOUS BONE MARROW TRANSPLANT W CC/MCC, , 
